Mês / Ano de Referência;Entidade;UC/CNPJ;Total Repassado
jan/15;FNDE;153173 / 15253;2.604.077.590,00
jan/15;INCRA;373001 / 37201;181.456.016,00
jan/15;SENAI;33.564.543/0001-90;219.119.330,00
jan/15;SESI;33.641.358/0001-52;313.370.139,00
jan/15;SENAC;33.469.172/0001-68;334.005.249,00
jan/15;SESC;33.469.164/0001-11;597.447.338,00
jan/15;SEBRAE;00.330.854/0001-45;428.247.534,00
jan/15;EMBRATUR;35.842.428/0001-66;0
jan/15;DPC;852001 / 00001;20.988.896,00
jan/15;ANAC;122002 / 00001;30.221.162,00
jan/15;SENAR;37.138.245/0001-90;40.999.819,00
jan/15;SEST;73.471.989/0001-95;57.041.322,00
jan/15;SENAT;73.471.963/0001-47;37.293.612,00
jan/15;SESCOOP;03.087.543/0001-86;39.616.737,00
jan/15;SDR;420013 / 00001;32.001.111,00
jan/15;APEX-BR;05.507.500/0001-38;62.241.408,00
jan/15;ABDI;07.200.966/0001-11;8.917.017,00
fev/15;FNDE;153173 / 15253;1.526.976.201,00
fev/15;INCRA;373001 / 37201;106.202.613,00
fev/15;SENAI;33.564.543/0001-90;135.090.247,00
fev/15;SESI;33.641.358/0001-52;193.889.080,00
fev/15;SENAC;33.469.172/0001-68;199.378.928,00
fev/15;SESC;33.469.164/0001-11;355.385.173,00
fev/15;SEBRAE;00.330.854/0001-45;253.753.729,00
fev/15;EMBRATUR;35.842.428/0001-66;0
fev/15;DPC;852001 / 00001;12.376.606,00
fev/15;ANAC;122002 / 00001;17.622.443,00
fev/15;SENAR;37.138.245/0001-90;39.006.482,00
fev/15;SEST;73.471.989/0001-95;34.810.740,00
fev/15;SENAT;73.471.963/0001-47;22.063.632,00
fev/15;SESCOOP;03.087.543/0001-86;22.396.117,00
fev/15;SDR;420013 / 00001;18.728.858,00
fev/15;APEX-BR;05.507.500/0001-38;36.879.718,00
fev/15;ABDI;07.200.966/0001-11;5.283.568,00
mar/15;FNDE;153173 / 15253;1.497.863.152,00
mar/15;INCRA;373001 / 37201;104.401.840,00
mar/15;SENAI;33.564.543/0001-90;130.078.300,00
mar/15;SESI;33.641.358/0001-52;186.597.391,00
mar/15;SENAC;33.469.172/0001-68;194.608.000,00
mar/15;SESC;33.469.164/0001-11;350.007.688,00
mar/15;SEBRAE;00.330.854/0001-45;250.133.611,00
mar/15;EMBRATUR;35.842.428/0001-66;0
mar/15;DPC;852001 / 00001;12.688.337,00
mar/15;ANAC;122002 / 00001;17.651.320,00
mar/15;SENAR;37.138.245/0001-90;38.444.869,00
mar/15;SEST;73.471.989/0001-95;35.367.894,00
mar/15;SENAT;73.471.963/0001-47;22.303.291,00
mar/15;SESCOOP;03.087.543/0001-86;22.938.132,00
mar/15;SDR;420013 / 00001;18.417.897,00
mar/15;APEX-BR;05.507.500/0001-38;35.640.967,00
mar/15;ABDI;07.200.966/0001-11;5.106.097,00
abr/15;FNDE;153173 / 15253;1.491.264.359,00
abr/15;INCRA;373001 / 37201;104.205.840,00
abr/15;SENAI;33.564.543/0001-90;129.316.956,00
abr/15;SESI;33.641.358/0001-52;186.271.308,00
abr/15;SENAC;33.469.172/0001-68;194.953.409,00
abr/15;SESC;33.469.164/0001-11;347.541.683,00
abr/15;SEBRAE;00.330.854/0001-45;246.697.381,00
abr/15;EMBRATUR;35.842.428/0001-66;0
abr/15;DPC;852001 / 00001;11.957.274,00
abr/15;ANAC;122002 / 00001;15.279.686,00
abr/15;SENAR;37.138.245/0001-90;43.489.888,00
abr/15;SEST;73.471.989/0001-95;35.896.833,00
abr/15;SENAT;73.471.963/0001-47;22.647.809,00
abr/15;SESCOOP;03.087.543/0001-86;22.372.341,00
abr/15;SDR;420013 / 00001;18.378.264,00
abr/15;APEX-BR;05.507.500/0001-38;35.586.839,00
abr/15;ABDI;07.200.966/0001-11;5.098.347,00
mai/15;FNDE;153173 / 15253;1.471.212.673,00
mai/15;INCRA;373001 / 37201;102.665.967,00
mai/15;SENAI;33.564.543/0001-90;125.354.190,00
mai/15;SESI;33.641.358/0001-52;180.214.592,00
mai/15;SENAC;33.469.172/0001-68;190.691.531,00
mai/15;SESC;33.469.164/0001-11;341.443.211,00
mai/15;SEBRAE;00.330.854/0001-45;242.484.318,00
mai/15;EMBRATUR;35.842.428/0001-66;0
mai/15;DPC;852001 / 00001;12.455.587,00
mai/15;ANAC;122002 / 00001;19.480.138,00
mai/15;SENAR;37.138.245/0001-90;69.520.527,00
mai/15;SEST;73.471.989/0001-95;35.114.292,00
mai/15;SENAT;73.471.963/0001-47;22.223.146,00
mai/15;SESCOOP;03.087.543/0001-86;22.210.052,00
mai/15;SDR;420013 / 00001;18.104.427,00
mai/15;APEX-BR;05.507.500/0001-38;34.971.787,00
mai/15;ABDI;07.200.966/0001-11;5.010.227,00
jun/15;FNDE;153173 / 15253;1.493.670.147,00
jun/15;INCRA;373001 / 37201;104.741.545,00
jun/15;SENAI;33.564.543/0001-90;127.849.778,00
jun/15;SESI;33.641.358/0001-52;184.460.043,00
jun/15;SENAC;33.469.172/0001-68;196.440.178,00
jun/15;SESC;33.469.164/0001-11;351.491.056,00
jun/15;SEBRAE;00.330.854/0001-45;246.852.283,00
jun/15;EMBRATUR;35.842.428/0001-66;0
jun/15;DPC;852001 / 00001;12.053.305,00
jun/15;ANAC;122002 / 00001;17.506.318,00
jun/15;SENAR;37.138.245/0001-90;63.531.019,00
jun/15;SEST;73.471.989/0001-95;36.143.031,00
jun/15;SENAT;73.471.963/0001-47;22.848.653,00
jun/15;SESCOOP;03.087.543/0001-86;22.488.438,00
jun/15;SDR;420013 / 00001;18.472.932,00
jun/15;APEX-BR;05.507.500/0001-38;35.651.779,00
jun/15;ABDI;07.200.966/0001-11;5.107.645,00
jul/15;FNDE;153173 / 15253;1.513.119.629,00
jul/15;INCRA;373001 / 37201;106.734.993,00
jul/15;SENAI;33.564.543/0001-90;130.911.622,00
jul/15;SESI;33.641.358/0001-52;188.067.056,00
jul/15;SENAC;33.469.172/0001-68;198.775.366,00
jul/15;SESC;33.469.164/0001-11;357.769.318,00
jul/15;SEBRAE;00.330.854/0001-45;251.290.982,00
jul/15;EMBRATUR;35.842.428/0001-66;0
jul/15;DPC;852001 / 00001;12.344.448,00
jul/15;ANAC;122002 / 00001;16.927.860,00
jul/15;SENAR;37.138.245/0001-90;55.866.485,00
jul/15;SEST;73.471.989/0001-95;37.714.635,00
jul/15;SENAT;73.471.963/0001-47;24.117.872,00
jul/15;SESCOOP;03.087.543/0001-86;22.770.769,00
jul/15;SDR;420013 / 00001;18.823.330,00
jul/15;APEX-BR;05.507.500/0001-38;36.283.379,00
jul/15;ABDI;07.200.966/0001-11;5.198.127,00
ago/15;FNDE;153173 / 15253;1.423.029.337,00
ago/15;INCRA;373001 / 37201;99.312.699,00
ago/15;SENAI;33.564.543/0001-90;120.579.877,00
ago/15;SESI;33.641.358/0001-52;173.341.613,00
ago/15;SENAC;33.469.172/0001-68;186.518.805,00
ago/15;SESC;33.469.164/0001-11;334.869.835,00
ago/15;SEBRAE;00.330.854/0001-45;236.223.522,00
ago/15;EMBRATUR;35.842.428/0001-66;0
ago/15;DPC;852001 / 00001;12.096.033,00
ago/15;ANAC;122002 / 00001;16.007.685,00
ago/15;SENAR;37.138.245/0001-90;52.971.979,00
ago/15;SEST;73.471.989/0001-95;35.870.763,00
ago/15;SENAT;73.471.963/0001-47;22.634.160,00
ago/15;SESCOOP;03.087.543/0001-86;21.936.120,00
ago/15;SDR;420013 / 00001;17.516.208,00
ago/15;APEX-BR;05.507.500/0001-38;34.121.502,00
ago/15;ABDI;07.200.966/0001-11;4.888.414,00
set/15;FNDE;153173 / 15253;1.562.096.473,00
set/15;INCRA;373001 / 37201;110.041.323,00
set/15;SENAI;33.564.543/0001-90;134.680.242,00
set/15;SESI;33.641.358/0001-52;193.913.488,00
set/15;SENAC;33.469.172/0001-68;204.643.886,00
set/15;SESC;33.469.164/0001-11;368.111.074,00
set/15;SEBRAE;00.330.854/0001-45;258.191.826,00
set/15;EMBRATUR;35.842.428/0001-66;0
set/15;DPC;852001 / 00001;12.785.671,00
set/15;ANAC;122002 / 00001;18.450.493,00
set/15;SENAR;37.138.245/0001-90;58.350.822,00
set/15;SEST;73.471.989/0001-95;40.999.695,00
set/15;SENAT;73.471.963/0001-47;25.886.746,00
set/15;SESCOOP;03.087.543/0001-86;23.494.676,00
set/15;SDR;420013 / 00001;19.406.435,00
set/15;APEX-BR;05.507.500/0001-38;37.300.570,00
set/15;ABDI;07.200.966/0001-11;5.343.856,00
out/15;FNDE;153173 / 15253;1.475.278.041,00
out/15;INCRA;373001 / 37201;102.912.717,00
out/15;SENAI;33.564.543/0001-90;125.160.250,00
out/15;SESI;33.641.358/0001-52;179.631.610,00
out/15;SENAC;33.469.172/0001-68;193.903.575,00
out/15;SESC;33.469.164/0001-11;347.121.597,00
out/15;SEBRAE;00.330.854/0001-45;243.374.577,00
out/15;EMBRATUR;35.842.428/0001-66;0
out/15;DPC;852001 / 00001;12.095.445,00
out/15;ANAC;122002 / 00001;15.653.426,00
out/15;SENAR;37.138.245/0001-90;55.014.695,00
out/15;SEST;73.471.989/0001-95;37.047.706,00
out/15;SENAT;73.471.963/0001-47;23.350.397,00
out/15;SESCOOP;03.087.543/0001-86;23.668.256,00
out/15;SDR;420013 / 00001;18.149.574,00
out/15;APEX-BR;05.507.500/0001-38;35.119.139,00
out/15;ABDI;07.200.966/0001-11;5.031.336,00
nov/15;FNDE;153173 / 15253;1.418.418.705,00
nov/15;INCRA;373001 / 37201;99.203.321,00
nov/15;SENAI;33.564.543/0001-90;120.055.039,00
nov/15;SESI;33.641.358/0001-52;172.125.628,00
nov/15;SENAC;33.469.172/0001-68;189.277.058,00
nov/15;SESC;33.469.164/0001-11;330.379.586,00
nov/15;SEBRAE;00.330.854/0001-45;235.550.305,00
nov/15;EMBRATUR;35.842.428/0001-66;0
nov/15;DPC;852001 / 00001;12.170.236,00
nov/15;ANAC;122002 / 00001;15.515.840,00
nov/15;SENAR;37.138.245/0001-90;55.841.556,00
nov/15;SEST;73.471.989/0001-95;35.734.607,00
nov/15;SENAT;73.471.963/0001-47;22.512.368,00
nov/15;SESCOOP;03.087.543/0001-86;22.659.534,00
nov/15;SDR;420013 / 00001;17.494.083,00
nov/15;APEX-BR;05.507.500/0001-38;33.952.467,00
nov/15;ABDI;07.200.966/0001-11;4.864.197,00
dez/15;FNDE;153173 / 15253;1.505.051.956,00
dez/15;INCRA;373001 / 37201;107.359.603,00
dez/15;SENAI;33.564.543/0001-90;125.669.841,00
dez/15;SESI;33.641.358/0001-52;180.405.910,00
dez/15;SENAC;33.469.172/0001-68;200.515.725,00
dez/15;SESC;33.469.164/0001-11;360.311.950,00
dez/15;SEBRAE;00.330.854/0001-45;249.253.135,00
dez/15;EMBRATUR;35.842.428/0001-66;0
dez/15;DPC;852001 / 00001;12.181.794,00
dez/15;ANAC;122002 / 00001;19.097.423,00
dez/15;SENAR;37.138.245/0001-90;55.237.564,00
dez/15;SEST;73.471.989/0001-95;38.150.014,00
dez/15;SENAT;73.471.963/0001-47;24.009.971,00
dez/15;SESCOOP;03.087.543/0001-86;25.082.901,00
dez/15;SDR;420013 / 00001;18.935.023,00
dez/15;APEX-BR;05.507.500/0001-38;35.780.894,00
dez/15;ABDI;07.200.966/0001-11;5.126.142,00
jan/16;FNDE;153173 / 15253;2.641.342.636,00
jan/16;INCRA;373001 / 37201;184.369.799,00
jan/16;SENAI;33.564.543/0001-90;206.590.219,00
jan/16;SESI;33.641.358/0001-52;295.942.048,00
jan/16;SENAC;33.469.172/0001-68;341.443.629,00
jan/16;SESC;33.469.164/0001-11;616.112.072,00
jan/16;SEBRAE;00.330.854/0001-45;427.854.975,00
jan/16;EMBRATUR;35.842.428/0001-66;0
jan/16;DPC;852001 / 00001;19.619.304,00
jan/16;ANAC;122002 / 00001;29.767.428,00
jan/16;SENAR;37.138.245/0001-90;49.508.667,00
jan/16;SEST;73.471.989/0001-95;57.950.675,00
jan/16;SENAT;73.471.963/0001-47;37.579.076,00
jan/16;SESCOOP;03.087.543/0001-86;43.435.416,00
jan/16;SDR;420013 / 00001;32.532.048,00
jan/16;APEX-BR;05.507.500/0001-38;61.982.179,00
jan/16;ABDI;07.200.966/0001-11;8.879.876,00
fev/16;FNDE;153173 / 15253;1.561.552.120,00
fev/16;INCRA;373001 / 37201;108.896.716,00
fev/16;SENAI;33.564.543/0001-90;126.387.105,00
fev/16;SESI;33.641.358/0001-52;181.272.664,00
fev/16;SENAC;33.469.172/0001-68;204.004.841,00
fev/16;SESC;33.469.164/0001-11;368.394.356,00
fev/16;SEBRAE;00.330.854/0001-45;256.686.003,00
fev/16;EMBRATUR;35.842.428/0001-66;0
fev/16;DPC;852001 / 00001;13.112.651,00
fev/16;ANAC;122002 / 00001;21.368.230,00
fev/16;SENAR;37.138.245/0001-90;47.883.790,00
fev/16;SEST;73.471.989/0001-95;35.750.274,00
fev/16;SENAT;73.471.963/0001-47;22.783.314,00
fev/16;SESCOOP;03.087.543/0001-86;24.725.690,00
fev/16;SDR;420013 / 00001;19.205.062,00
fev/16;APEX-BR;05.507.500/0001-38;37.086.041,00
fev/16;ABDI;07.200.966/0001-11;5.313.125,00
mar/16;FNDE;153173 / 15253;1.530.800.283,00
mar/16;INCRA;373001 / 37201;108.377.346,00
mar/16;SENAI;33.564.543/0001-90;122.383.201,00
mar/16;SESI;33.641.358/0001-52;175.527.864,00
mar/16;SENAC;33.469.172/0001-68;202.830.494,00
mar/16;SESC;33.469.164/0001-11;364.750.091,00
mar/16;SEBRAE;00.330.854/0001-45;250.966.990,00
mar/16;EMBRATUR;35.842.428/0001-66;0
mar/16;DPC;852001 / 00001;12.413.229,00
mar/16;ANAC;122002 / 00001;18.258.660,00
mar/16;SENAR;37.138.245/0001-90;47.820.863,00
mar/16;SEST;73.471.989/0001-95;34.955.731,00
mar/16;SENAT;73.471.963/0001-47;22.512.395,00
mar/16;SESCOOP;03.087.543/0001-86;24.991.432,00
mar/16;SDR;420013 / 00001;19.115.041,00
mar/16;APEX-BR;05.507.500/0001-38;36.272.504,00
mar/16;ABDI;07.200.966/0001-11;5.196.571,00
abr/16;FNDE;153173 / 15253;1.528.966.346,00
abr/16;INCRA;373001 / 37201;109.831.194,00
abr/16;SENAI;33.564.543/0001-90;119.621.420,00
abr/16;SESI;33.641.358/0001-52;172.076.300,00
abr/16;SENAC;33.469.172/0001-68;203.696.264,00
abr/16;SESC;33.469.164/0001-11;366.728.299,00
abr/16;SEBRAE;00.330.854/0001-45;247.671.943,00
abr/16;EMBRATUR;35.842.428/0001-66;0
abr/16;DPC;852001 / 00001;12.767.809,00
abr/16;ANAC;122002 / 00001;17.381.576,00
abr/16;SENAR;37.138.245/0001-90;63.908.355,00
abr/16;SEST;73.471.989/0001-95;36.483.309,00
abr/16;SENAT;73.471.963/0001-47;23.138.349,00
abr/16;SESCOOP;03.087.543/0001-86;25.517.130,00
abr/16;SDR;420013 / 00001;19.349.348,00
abr/16;APEX-BR;05.507.500/0001-38;35.970.070,00
abr/16;ABDI;07.200.966/0001-11;5.157.779,00
mai/16;FNDE;153173 / 15253;1.516.892.712,00
mai/16;INCRA;373001 / 37201;108.268.397,00
mai/16;SENAI;33.564.543/0001-90;119.127.791,00
mai/16;SESI;33.641.358/0001-52;170.318.209,00
mai/16;SENAC;33.469.172/0001-68;201.282.019,00
mai/16;SESC;33.469.164/0001-11;362.275.318,00
mai/16;SEBRAE;00.330.854/0001-45;246.943.494,00
mai/16;EMBRATUR;35.842.428/0001-66;0
mai/16;DPC;852001 / 00001;12.409.046,00
mai/16;ANAC;122002 / 00001;19.313.677,00
mai/16;SENAR;37.138.245/0001-90;79.546.181,00
mai/16;SEST;73.471.989/0001-95;36.145.029,00
mai/16;SENAT;73.471.963/0001-47;22.936.647,00
mai/16;SESCOOP;03.087.543/0001-86;24.740.018,00
mai/16;SDR;420013 / 00001;19.095.257,00
mai/16;APEX-BR;05.507.500/0001-38;35.892.379,00
mai/16;ABDI;07.200.966/0001-11;5.145.673,00
jun/16;FNDE;153173 / 15253;1.509.666.579,00
jun/16;INCRA;373001 / 37201;107.413.776,00
jun/16;SENAI;33.564.543/0001-90;117.979.521,00
jun/16;SESI;33.641.358/0001-52;169.891.463,00
jun/16;SENAC;33.469.172/0001-68;201.597.396,00
jun/16;SESC;33.469.164/0001-11;364.622.706,00
jun/16;SEBRAE;00.330.854/0001-45;246.925.570,00
jun/16;EMBRATUR;35.842.428/0001-66;0
jun/16;DPC;852001 / 00001;12.191.203,00
jun/16;ANAC;122002 / 00001;17.529.922,00
jun/16;SENAR;37.138.245/0001-90;73.787.196,00
jun/16;SEST;73.471.989/0001-95;37.319.302,00
jun/16;SENAT;73.471.963/0001-47;23.522.935,00
jun/16;SESCOOP;03.087.543/0001-86;24.688.810,00
jun/16;SDR;420013 / 00001;18.941.515,00
jun/16;APEX-BR;05.507.500/0001-38;35.886.008,00
jun/16;ABDI;07.200.966/0001-11;5.145.221,00
jul/16;FNDE;153173 / 15253;1.508.243.008,00
jul/16;INCRA;373001 / 37201;107.299.542,00
jul/16;SENAI;33.564.543/0001-90;117.872.161,00
jul/16;SESI;33.641.358/0001-52;170.194.629,00
jul/16;SENAC;33.469.172/0001-68;201.560.599,00
jul/16;SESC;33.469.164/0001-11;364.791.516,00
jul/16;SEBRAE;00.330.854/0001-45;246.071.875,00
jul/16;EMBRATUR;35.842.428/0001-66;0
jul/16;DPC;852001 / 00001;12.461.579,00
jul/16;ANAC;122002 / 00001;17.073.331,00
jul/16;SENAR;37.138.245/0001-90;70.333.932,00
jul/16;SEST;73.471.989/0001-95;36.758.381,00
jul/16;SENAT;73.471.963/0001-47;23.511.519,00
jul/16;SESCOOP;03.087.543/0001-86;24.125.101,00
jul/16;SDR;420013 / 00001;18.923.752,00
jul/16;APEX-BR;05.507.500/0001-38;35.764.920,00
jul/16;ABDI;07.200.966/0001-11;5.127.220,00
ago/16;FNDE;153173 / 15253;1.507.691.739,00
ago/16;INCRA;373001 / 37201;107.173.149,00
ago/16;SENAI;33.564.543/0001-90;120.585.915,00
ago/16;SESI;33.641.358/0001-52;170.353.966,00
ago/16;SENAC;33.469.172/0001-68;201.108.906,00
ago/16;SESC;33.469.164/0001-11;364.193.406,00
ago/16;SEBRAE;00.330.854/0001-45;245.916.784,00
ago/16;EMBRATUR;35.842.428/0001-66;0
ago/16;DPC;852001 / 00001;11.942.655,00
ago/16;ANAC;122002 / 00001;17.078.560,00
ago/16;SENAR;37.138.245/0001-90;68.972.852,00
ago/16;SEST;73.471.989/0001-95;37.749.731,00
ago/16;SENAT;73.471.963/0001-47;23.883.954,00
ago/16;SESCOOP;03.087.543/0001-86;25.354.097,00
ago/16;SDR;420013 / 00001;18.900.864,00
ago/16;APEX-BR;05.507.500/0001-38;35.741.610,00
ago/16;ABDI;07.200.966/0001-11;5.123.894,00
set/16;FNDE;153173 / 15253;1.532.494.539,00
set/16;INCRA;373001 / 37201;109.284.187,00
set/16;SENAI;33.564.543/0001-90;119.636.151,00
set/16;SESI;33.641.358/0001-52;171.178.904,00
set/16;SENAC;33.469.172/0001-68;203.456.829,00
set/16;SESC;33.469.164/0001-11;370.276.641,00
set/16;SEBRAE;00.330.854/0001-45;249.118.519,00
set/16;EMBRATUR;35.842.428/0001-66;0
set/16;DPC;852001 / 00001;12.385.763,00
set/16;ANAC;122002 / 00001;17.953.196,00
set/16;SENAR;37.138.245/0001-90;62.038.443,00
set/16;SEST;73.471.989/0001-95;39.205.389,00
set/16;SENAT;73.471.963/0001-47;24.699.514,00
set/16;SESCOOP;03.087.543/0001-86;25.300.940,00
set/16;SDR;420013 / 00001;19.274.012,00
set/16;APEX-BR;05.507.500/0001-38;36.207.965,00
set/16;ABDI;07.200.966/0001-11;5.190.837,00
out/16;FNDE;153173 / 15253;1.508.696.077,00
out/16;INCRA;373001 / 37201;107.424.270,00
out/16;SENAI;33.564.543/0001-90;117.700.984,00
out/16;SESI;33.641.358/0001-52;167.921.658,00
out/16;SENAC;33.469.172/0001-68;200.823.518,00
out/16;SESC;33.469.164/0001-11;362.100.502,00
out/16;SEBRAE;00.330.854/0001-45;245.199.472,00
out/16;EMBRATUR;35.842.428/0001-66;0
out/16;DPC;852001 / 00001;11.980.558,00
out/16;ANAC;122002 / 00001;17.670.036,00
out/16;SENAR;37.138.245/0001-90;62.350.157,00
out/16;SEST;73.471.989/0001-95;38.498.980,00
out/16;SENAT;73.471.963/0001-47;24.257.440,00
out/16;SESCOOP;03.087.543/0001-86;25.172.112,00
out/16;SDR;420013 / 00001;18.942.562,00
out/16;APEX-BR;05.507.500/0001-38;35.633.854,00
out/16;ABDI;07.200.966/0001-11;5.108.221,00
nov/16;FNDE;153173 / 15253;1.513.447.335,00
nov/16;INCRA;373001 / 37201;108.428.690,00
nov/16;SENAI;33.564.543/0001-90;115.509.710,00
nov/16;SESI;33.641.358/0001-52;164.748.587,00
nov/16;SENAC;33.469.172/0001-68;204.228.711,00
nov/16;SESC;33.469.164/0001-11;368.469.675,00
nov/16;SEBRAE;00.330.854/0001-45;246.228.294,00
nov/16;EMBRATUR;35.842.428/0001-66;0
nov/16;DPC;852001 / 00001;12.927.844,00
nov/16;ANAC;122002 / 00001;18.599.839,00
nov/16;SENAR;37.138.245/0001-90;60.921.075,00
nov/16;SEST;73.471.989/0001-95;38.350.276,00
nov/16;SENAT;73.471.963/0001-47;24.704.920,00
nov/16;SESCOOP;03.087.543/0001-86;25.281.760,00
nov/16;SDR;420013 / 00001;19.122.502,00
nov/16;APEX-BR;05.507.500/0001-38;35.888.775,00
nov/16;ABDI;07.200.966/0001-11;5.859.461,00
dez/16;FNDE;153173 / 15253;1.546.232.107,00
dez/16;INCRA;373001 / 37201;110.405.058,00
dez/16;SENAI;33.564.543/0001-90;116.685.279,00
dez/16;SESI;33.641.358/0001-52;166.083.645,00
dez/16;SENAC;33.469.172/0001-68;205.439.362,00
dez/16;SESC;33.469.164/0001-11;370.261.203,00
dez/16;SEBRAE;00.330.854/0001-45;247.453.900,00
dez/16;EMBRATUR;35.842.428/0001-66;0
dez/16;DPC;852001 / 00001;11.659.882,00
dez/16;ANAC;122002 / 00001;18.790.089,00
dez/16;SENAR;37.138.245/0001-90;57.157.293,00
dez/16;SEST;73.471.989/0001-95;38.242.492,00
dez/16;SENAT;73.471.963/0001-47;24.056.099,00
dez/16;SESCOOP;03.087.543/0001-86;26.006.277,00
dez/16;SDR;420013 / 00001;19.478.451,00
dez/16;APEX-BR;05.507.500/0001-38;36.076.902,00
dez/16;ABDI;07.200.966/0001-11;5.890.174,00
jan/17;FNDE;153173 / 15253;2.719.560.019,00
jan/17;INCRA;373001 / 37201;192.614.501,00
jan/17;SENAI;33.564.543/0001-90;195.510.573,00
jan/17;SESI;33.641.358/0001-52;278.280.064,00
jan/17;SENAC;33.469.172/0001-68;362.480.165,00
jan/17;SESC;33.469.164/0001-11;659.533.185,00
jan/17;SEBRAE;00.330.854/0001-45;436.906.000,00
jan/17;EMBRATUR;35.842.428/0001-66;0
jan/17;DPC;852001 / 00001;20.281.534,00
jan/17;ANAC;122002 / 00001;32.072.735,00
jan/17;SENAR;37.138.245/0001-90;54.514.766,00
jan/17;SEST;73.471.989/0001-95;61.283.907,00
jan/17;SENAT;73.471.963/0001-47;39.525.947,00
jan/17;SESCOOP;03.087.543/0001-86;48.653.186,00
jan/17;SDR;420013 / 00001;33.978.648,00
jan/17;APEX-BR;05.507.500/0001-38;63.692.770,00
jan/17;ABDI;07.200.966/0001-11;10.398.892,00
fev/17;FNDE;153173 / 15253;1.565.756.519,00
fev/17;INCRA;373001 / 37201;111.163.163,00
fev/17;SENAI;33.564.543/0001-90;118.256.846,00
fev/17;SESI;33.641.358/0001-52;167.938.770,00
fev/17;SENAC;33.469.172/0001-68;213.183.588,00
fev/17;SESC;33.469.164/0001-11;386.724.661,00
fev/17;SEBRAE;00.330.854/0001-45;255.305.221,00
fev/17;EMBRATUR;35.842.428/0001-66;0
fev/17;DPC;852001 / 00001;12.550.428,00
fev/17;ANAC;122002 / 00001;17.528.165,00
fev/17;SENAR;37.138.245/0001-90;49.945.186,00
fev/17;SEST;73.471.989/0001-95;37.692.320,00
fev/17;SENAT;73.471.963/0001-47;23.651.156,00
fev/17;SESCOOP;03.087.543/0001-86;27.300.094,00
fev/17;SDR;420013 / 00001;19.603.138,00
fev/17;APEX-BR;05.507.500/0001-38;36.988.184,00
fev/17;ABDI;07.200.966/0001-11;6.038.874,00
mar/17;FNDE;153173 / 15253;1.548.248.317,00
mar/17;INCRA;373001 / 37201;109.309.496,00
mar/17;SENAI;33.564.543/0001-90;112.145.703,00
mar/17;SESI;33.641.358/0001-52;160.025.709,00
mar/17;SENAC;33.469.172/0001-68;208.339.070,00
mar/17;SESC;33.469.164/0001-11;379.113.965,00
mar/17;SEBRAE;00.330.854/0001-45;249.394.900,00
mar/17;EMBRATUR;35.842.428/0001-66;0
mar/17;DPC;852001 / 00001;11.795.997,00
mar/17;ANAC;122002 / 00001;18.305.695,00
mar/17;SENAR;37.138.245/0001-90;48.325.796,00
mar/17;SEST;73.471.989/0001-95;35.984.706,00
mar/17;SENAT;73.471.963/0001-47;22.577.514,00
mar/17;SESCOOP;03.087.543/0001-86;26.526.808,00
mar/17;SDR;420013 / 00001;19.238.563,00
mar/17;APEX-BR;05.507.500/0001-38;36.298.898,00
mar/17;ABDI;07.200.966/0001-11;5.926.422,00
abr/17;FNDE;153173 / 15253;1.560.713.935,00
abr/17;INCRA;373001 / 37201;110.767.847,00
abr/17;SENAI;33.564.543/0001-90;113.425.258,00
abr/17;SESI;33.641.358/0001-52;161.952.385,00
abr/17;SENAC;33.469.172/0001-68;210.355.750,00
abr/17;SESC;33.469.164/0001-11;379.964.945,00
abr/17;SEBRAE;00.330.854/0001-45;250.714.994,00
abr/17;EMBRATUR;35.842.428/0001-66;0
abr/17;DPC;852001 / 00001;12.709.295,00
abr/17;ANAC;122002 / 00001;17.685.865,00
abr/17;SENAR;37.138.245/0001-90;64.552.019,00
abr/17;SEST;73.471.989/0001-95;37.524.795,00
abr/17;SENAT;73.471.963/0001-47;23.668.078,00
abr/17;SESCOOP;03.087.543/0001-86;26.601.654,00
abr/17;SDR;420013 / 00001;19.534.962,00
abr/17;APEX-BR;05.507.500/0001-38;36.542.570,00
abr/17;ABDI;07.200.966/0001-11;5.966.232,00
mai/17;FNDE;153173 / 15253;1.535.979.498,00
mai/17;INCRA;373001 / 37201;109.261.366,00
mai/17;SENAI;33.564.543/0001-90;112.748.383,00
mai/17;SESI;33.641.358/0001-52;160.104.982,00
mai/17;SENAC;33.469.172/0001-68;206.526.797,00
mai/17;SESC;33.469.164/0001-11;372.910.277,00
mai/17;SEBRAE;00.330.854/0001-45;248.935.171,00
mai/17;EMBRATUR;35.842.428/0001-66;0
mai/17;DPC;852001 / 00001;12.216.827,00
mai/17;ANAC;122002 / 00001;17.277.805,00
mai/17;SENAR;37.138.245/0001-90;83.955.034,00
mai/17;SEST;73.471.989/0001-95;38.292.139,00
mai/17;SENAT;73.471.963/0001-47;24.113.506,00
mai/17;SESCOOP;03.087.543/0001-86;26.730.534,00
mai/17;SDR;420013 / 00001;19.268.703,00
mai/17;APEX-BR;05.507.500/0001-38;36.282.503,00
mai/17;ABDI;07.200.966/0001-11;5.923.773,00
jun/17;FNDE;153173 / 15253;1.568.881.986,00
jun/17;INCRA;373001 / 37201;112.028.525,00
jun/17;SENAI;33.564.543/0001-90;114.823.853,00
jun/17;SESI;33.641.358/0001-52;163.229.045,00
jun/17;SENAC;33.469.172/0001-68;214.256.135,00
jun/17;SESC;33.469.164/0001-11;388.141.110,00
jun/17;SEBRAE;00.330.854/0001-45;253.382.084,00
jun/17;EMBRATUR;35.842.428/0001-66;0
jun/17;DPC;852001 / 00001;12.288.117,00
jun/17;ANAC;122002 / 00001;18.744.632,00
jun/17;SENAR;37.138.245/0001-90;69.562.429,00
jun/17;SEST;73.471.989/0001-95;38.365.845,00
jun/17;SENAT;73.471.963/0001-47;24.201.400,00
jun/17;SESCOOP;03.087.543/0001-86;27.312.313,00
jun/17;SDR;420013 / 00001;19.757.997,00
jun/17;APEX-BR;05.507.500/0001-38;36.932.210,00
jun/17;ABDI;07.200.966/0001-11;6.029.862,00
jul/17;FNDE;153173 / 15253;1.545.570.493,00
jul/17;INCRA;373001 / 37201;110.133.733,00
jul/17;SENAI;33.564.543/0001-90;113.041.104,00
jul/17;SESI;33.641.358/0001-52;161.742.520,00
jul/17;SENAC;33.469.172/0001-68;210.357.945,00
jul/17;SESC;33.469.164/0001-11;381.612.994,00
jul/17;SEBRAE;00.330.854/0001-45;250.294.029,00
jul/17;EMBRATUR;35.842.428/0001-66;0
jul/17;DPC;852001 / 00001;12.223.731,00
jul/17;ANAC;122002 / 00001;18.195.489,00
jul/17;SENAR;37.138.245/0001-90;79.876.372,00
jul/17;SEST;73.471.989/0001-95;39.031.391,00
jul/17;SENAT;73.471.963/0001-47;24.552.802,00
jul/17;SESCOOP;03.087.543/0001-86;27.176.756,00
jul/17;SDR;420013 / 00001;19.424.430,00
jul/17;APEX-BR;05.507.500/0001-38;36.482.985,00
jul/17;ABDI;07.200.966/0001-11;5.956.499,00
ago/17;FNDE;153173 / 15253;1.556.726.519,00
ago/17;INCRA;373001 / 37201;111.266.218,00
ago/17;SENAI;33.564.543/0001-90;113.931.222,00
ago/17;SESI;33.641.358/0001-52;162.890.307,00
ago/17;SENAC;33.469.172/0001-68;211.928.562,00
ago/17;SESC;33.469.164/0001-11;384.238.969,00
ago/17;SEBRAE;00.330.854/0001-45;251.941.802,00
ago/17;EMBRATUR;35.842.428/0001-66;0
ago/17;DPC;852001 / 00001;12.022.854,00
ago/17;ANAC;122002 / 00001;16.855.338,00
ago/17;SENAR;37.138.245/0001-90;73.862.839,00
ago/17;SEST;73.471.989/0001-95;39.710.791,00
ago/17;SENAT;73.471.963/0001-47;25.063.535,00
ago/17;SESCOOP;03.087.543/0001-86;27.757.278,00
ago/17;SDR;420013 / 00001;19.623.675,00
ago/17;APEX-BR;05.507.500/0001-38;36.722.466,00
ago/17;ABDI;07.200.966/0001-11;5.995.597,00
set/17;FNDE;153173 / 15253;1.581.716.024,00
set/17;INCRA;373001 / 37201;113.084.889,00
set/17;SENAI;33.564.543/0001-90;118.754.854,00
set/17;SESI;33.641.358/0001-52;169.680.795,00
set/17;SENAC;33.469.172/0001-68;214.106.173,00
set/17;SESC;33.469.164/0001-11;391.368.909,00
set/17;SEBRAE;00.330.854/0001-45;257.263.963,00
set/17;EMBRATUR;35.842.428/0001-66;0
set/17;DPC;852001 / 00001;12.513.184,00
set/17;ANAC;122002 / 00001;18.484.770,00
set/17;SENAR;37.138.245/0001-90;78.087.501,00
set/17;SEST;73.471.989/0001-95;40.989.433,00
set/17;SENAT;73.471.963/0001-47;25.762.395,00
set/17;SESCOOP;03.087.543/0001-86;27.886.944,00
set/17;SDR;420013 / 00001;19.944.891,00
set/17;APEX-BR;05.507.500/0001-38;37.498.873,00
set/17;ABDI;07.200.966/0001-11;6.122.411,00
out/17;FNDE;153173 / 15253;1.554.720.154,00
out/17;INCRA;373001 / 37201;111.075.380,00
out/17;SENAI;33.564.543/0001-90;114.132.533,00
out/17;SESI;33.641.358/0001-52;163.327.551,00
out/17;SENAC;33.469.172/0001-68;212.741.789,00
out/17;SESC;33.469.164/0001-11;384.870.409,00
out/17;SEBRAE;00.330.854/0001-45;254.897.197,00
out/17;EMBRATUR;35.842.428/0001-66;0
out/17;DPC;852001 / 00001;12.120.128,00
out/17;ANAC;122002 / 00001;18.167.462,00
out/17;SENAR;37.138.245/0001-90;73.113.368,00
out/17;SEST;73.471.989/0001-95;40.628.057,00
out/17;SENAT;73.471.963/0001-47;25.384.799,00
out/17;SESCOOP;03.087.543/0001-86;29.147.727,00
out/17;SDR;420013 / 00001;19.558.167,00
out/17;APEX-BR;05.507.500/0001-38;37.111.665,00
out/17;ABDI;07.200.966/0001-11;6.059.191,00
nov/17;FNDE;153173 / 15253;1.555.582.086,00
nov/17;INCRA;373001 / 37201;110.982.973,00
nov/17;SENAI;33.564.543/0001-90;116.102.038,00
nov/17;SESI;33.641.358/0001-52;166.009.800,00
nov/17;SENAC;33.469.172/0001-68;213.318.033,00
nov/17;SESC;33.469.164/0001-11;386.206.656,00
nov/17;SEBRAE;00.330.854/0001-45;257.104.763,00
nov/17;EMBRATUR;35.842.428/0001-66;0
nov/17;DPC;852001 / 00001;12.216.007,00
nov/17;ANAC;122002 / 00001;17.597.668,00
nov/17;SENAR;37.138.245/0001-90;83.260.366,00
nov/17;SEST;73.471.989/0001-95;41.195.035,00
nov/17;SENAT;73.471.963/0001-47;25.890.831,00
nov/17;SESCOOP;03.087.543/0001-86;28.597.078,00
nov/17;SDR;420013 / 00001;19.574.705,00
nov/17;APEX-BR;05.507.500/0001-38;37.476.624,00
nov/17;ABDI;07.200.966/0001-11;6.118.789,00
dez/17;FNDE;153173 / 15253;1.561.171.549,00
dez/17;INCRA;373001 / 37201;111.557.311,00
dez/17;SENAI;33.564.543/0001-90;121.475.712,00
dez/17;SESI;33.641.358/0001-52;171.991.610,00
dez/17;SENAC;33.469.172/0001-68;261.103.472,00
dez/17;SESC;33.469.164/0001-11;396.213.121,00
dez/17;SEBRAE;00.330.854/0001-45;330.175.604,00
dez/17;EMBRATUR;35.842.428/0001-66;0
dez/17;DPC;852001 / 00001;11.929.161,00
dez/17;ANAC;122002 / 00001;17.342.889,00
dez/17;SENAR;37.138.245/0001-90;70.053.416,00
dez/17;SEST;73.471.989/0001-95;47.960.907,00
dez/17;SENAT;73.471.963/0001-47;28.600.326,00
dez/17;SESCOOP;03.087.543/0001-86;29.276.590,00
dez/17;SDR;420013 / 00001;19.679.717,00
dez/17;APEX-BR;05.507.500/0001-38;48.136.455,00
dez/17;ABDI;07.200.966/0001-11;7.859.179,00
jan/18;FNDE;153173 / 15253;2.800.035.912,00
jan/18;INCRA;373001 / 37201;199.828.235,00
jan/18;SENAI;33.564.543/0001-90;216.977.540,00
jan/18;SESI;33.641.358/0001-52;296.152.526,00
jan/18;SENAC;33.469.172/0001-68;429.595.056,00
jan/18;SESC;33.469.164/0001-11;709.549.806,00
jan/18;SEBRAE;00.330.854/0001-45;539.119.770,00
jan/18;EMBRATUR;35.842.428/0001-66;0
jan/18;DPC;852001 / 00001;21.184.040,00
jan/18;ANAC;122002 / 00001;32.872.240,00
jan/18;SENAR;37.138.245/0001-90;97.632.611,00
jan/18;SEST;73.471.989/0001-95;73.525.540,00
jan/18;SENAT;73.471.963/0001-47;45.908.464,00
jan/18;SESCOOP;03.087.543/0001-86;53.955.735,00
jan/18;SDR;420013 / 00001;35.252.199,00
jan/18;APEX-BR;05.507.500/0001-38;78.598.037,00
jan/18;ABDI;07.200.966/0001-11;12.832.515,00
fev/18;FNDE;153173 / 15253;1.610.944.379,00
fev/18;INCRA;373001 / 37201;115.044.658,00
fev/18;SENAI;33.564.543/0001-90;119.453.424,00
fev/18;SESI;33.641.358/0001-52;170.322.505,00
fev/18;SENAC;33.469.172/0001-68;222.164.680,00
fev/18;SESC;33.469.164/0001-11;404.395.986,00
fev/18;SEBRAE;00.330.854/0001-45;265.515.838,00
fev/18;EMBRATUR;35.842.428/0001-66;0
fev/18;DPC;852001 / 00001;12.579.069,00
fev/18;ANAC;122002 / 00001;18.844.656,00
fev/18;SENAR;37.138.245/0001-90;64.259.876,00
fev/18;SEST;73.471.989/0001-95;42.011.196,00
fev/18;SENAT;73.471.963/0001-47;26.280.417,00
fev/18;SESCOOP;03.087.543/0001-86;29.994.816,00
fev/18;SDR;420013 / 00001;20.290.775,00
fev/18;APEX-BR;05.507.500/0001-38;38.704.302,00
fev/18;ABDI;07.200.966/0001-11;6.319.228,00
mar/18;FNDE;153173 / 15253;1.594.471.435,00
mar/18;INCRA;373001 / 37201;114.998.630,00
mar/18;SENAI;33.564.543/0001-90;112.513.853,00
mar/18;SESI;33.641.358/0001-52;161.249.138,00
mar/18;SENAC;33.469.172/0001-68;218.614.123,00
mar/18;SESC;33.469.164/0001-11;394.816.301,00
mar/18;SEBRAE;00.330.854/0001-45;258.138.998,00
mar/18;EMBRATUR;35.842.428/0001-66;0
mar/18;DPC;852001 / 00001;12.364.890,00
mar/18;ANAC;122002 / 00001;18.618.334,00
mar/18;SENAR;37.138.245/0001-90;61.865.847,00
mar/18;SEST;73.471.989/0001-95;38.083.519,00
mar/18;SENAT;73.471.963/0001-47;24.001.336,00
mar/18;SESCOOP;03.087.543/0001-86;29.230.081,00
mar/18;SDR;420013 / 00001;20.280.541,00
mar/18;APEX-BR;05.507.500/0001-38;37.623.756,00
mar/18;ABDI;07.200.966/0001-11;6.142.802,00
abr/18;FNDE;153173 / 15253;1.572.660.874,00
abr/18;INCRA;373001 / 37201;113.071.451,00
abr/18;SENAI;33.564.543/0001-90;111.255.656,00
abr/18;SESI;33.641.358/0001-52;159.389.391,00
abr/18;SENAC;33.469.172/0001-68;216.333.416,00
abr/18;SESC;33.469.164/0001-11;388.746.629,00
abr/18;SEBRAE;00.330.854/0001-45;252.299.672,00
abr/18;EMBRATUR;35.842.428/0001-66;0
abr/18;DPC;852001 / 00001;12.124.921,00
abr/18;ANAC;122002 / 00001;18.083.260,00
abr/18;SENAR;37.138.245/0001-90;88.705.529,00
abr/18;SEST;73.471.989/0001-95;38.260.990,00
abr/18;SENAT;73.471.963/0001-47;24.135.166,00
abr/18;SESCOOP;03.087.543/0001-86;29.009.799,00
abr/18;SDR;420013 / 00001;19.976.895,00
abr/18;APEX-BR;05.507.500/0001-38;36.820.058,00
abr/18;ABDI;07.200.966/0001-11;6.011.587,00
mai/18;FNDE;153173 / 15253;1.588.651.270,00
mai/18;INCRA;373001 / 37201;114.555.379,00
mai/18;SENAI;33.564.543/0001-90;113.390.499,00
mai/18;SESI;33.641.358/0001-52;162.016.553,00
mai/18;SENAC;33.469.172/0001-68;217.807.585,00
mai/18;SESC;33.469.164/0001-11;395.044.469,00
mai/18;SEBRAE;00.330.854/0001-45;192.086.606,00
mai/18;EMBRATUR;35.842.428/0001-66;0
mai/18;DPC;852001 / 00001;12.068.490,00
mai/18;ANAC;122002 / 00001;17.670.872,00
mai/18;SENAR;37.138.245/0001-90;112.027.735,00
mai/18;SEST;73.471.989/0001-95;41.378.036,00
mai/18;SENAT;73.471.963/0001-47;25.856.252,00
mai/18;SESCOOP;03.087.543/0001-86;29.460.052,00
mai/18;SDR;420013 / 00001;20.202.072,00
mai/18;APEX-BR;05.507.500/0001-38;37.556.392,00
mai/18;ABDI;07.200.966/0001-11;71.724.479,00
jun/18;FNDE;153173 / 15253;1.582.747.831,00
jun/18;INCRA;373001 / 37201;113.599.653,00
jun/18;SENAI;33.564.543/0001-90;113.889.725,00
jun/18;SESI;33.641.358/0001-52;162.946.304,00
jun/18;SENAC;33.469.172/0001-68;218.610.995,00
jun/18;SESC;33.469.164/0001-11;394.893.071,00
jun/18;SEBRAE;00.330.854/0001-45;257.289.254,00
jun/18;EMBRATUR;35.842.428/0001-66;0
jun/18;DPC;852001 / 00001;12.537.154,00
jun/18;ANAC;122002 / 00001;17.979.480,00
jun/18;SENAR;37.138.245/0001-90;115.492.472,00
jun/18;SEST;73.471.989/0001-95;41.122.055,00
jun/18;SENAT;73.471.963/0001-47;25.780.137,00
jun/18;SESCOOP;03.087.543/0001-86;29.782.485,00
jun/18;SDR;420013 / 00001;20.035.640,00
jun/18;APEX-BR;05.507.500/0001-38;37.502.441,00
jun/18;ABDI;07.200.966/0001-11;6.122.995,00
jul/18;FNDE;153173 / 15253;1.577.909.338,00
jul/18;INCRA;373001 / 37201;113.418.200,00
jul/18;SENAI;33.564.543/0001-90;112.800.343,00
jul/18;SESI;33.641.358/0001-52;161.160.829,00
jul/18;SENAC;33.469.172/0001-68;217.617.488,00
jul/18;SESC;33.469.164/0001-11;392.182.422,00
jul/18;SEBRAE;00.330.854/0001-45;255.914.320,00
jul/18;EMBRATUR;35.842.428/0001-66;0
jul/18;DPC;852001 / 00001;12.959.143,00
jul/18;ANAC;122002 / 00001;18.697.275,00
jul/18;SENAR;37.138.245/0001-90;91.957.665,00
jul/18;SEST;73.471.989/0001-95;40.396.158,00
jul/18;SENAT;73.471.963/0001-47;25.462.767,00
jul/18;SESCOOP;03.087.543/0001-86;29.004.815,00
jul/18;SDR;420013 / 00001;20.002.439,00
jul/18;APEX-BR;05.507.500/0001-38;37.300.403,00
jul/18;ABDI;07.200.966/0001-11;6.090.012,00
ago/18;FNDE;153173 / 15253;1.573.545.353,00
ago/18;INCRA;373001 / 37201;113.573.852,00
ago/18;SENAI;33.564.543/0001-90;112.330.415,00
ago/18;SESI;33.641.358/0001-52;160.695.243,00
ago/18;SENAC;33.469.172/0001-68;217.215.045,00
ago/18;SESC;33.469.164/0001-11;394.220.279,00
ago/18;SEBRAE;00.330.854/0001-45;255.453.189,00
ago/18;EMBRATUR;35.842.428/0001-66;0
ago/18;DPC;852001 / 00001;11.650.102,00
ago/18;ANAC;122002 / 00001;18.184.212,00
ago/18;SENAR;37.138.245/0001-90;98.685.008,00
ago/18;SEST;73.471.989/0001-95;43.139.692,00
ago/18;SENAT;73.471.963/0001-47;26.700.056,00
ago/18;SESCOOP;03.087.543/0001-86;29.487.425,00
ago/18;SDR;420013 / 00001;19.987.074,00
ago/18;APEX-BR;05.507.500/0001-38;37.177.003,00
ago/18;ABDI;07.200.966/0001-11;6.069.871,00
set/18;FNDE;153173 / 15253;1.639.366.442,00
set/18;INCRA;373001 / 37201;117.931.478,00
set/18;SENAI;33.564.543/0001-90;117.879.275,00
set/18;SESI;33.641.358/0001-52;168.810.282,00
set/18;SENAC;33.469.172/0001-68;226.389.735,00
set/18;SESC;33.469.164/0001-11;409.696.076,00
set/18;SEBRAE;00.330.854/0001-45;266.496.070,00
set/18;EMBRATUR;35.842.428/0001-66;0
set/18;DPC;852001 / 00001;11.542.392,00
set/18;ANAC;122002 / 00001;18.071.258,00
set/18;SENAR;37.138.245/0001-90;95.968.747,00
set/18;SEST;73.471.989/0001-95;45.340.891,00
set/18;SENAT;73.471.963/0001-47;28.306.396,00
set/18;SESCOOP;03.087.543/0001-86;28.906.897,00
set/18;SDR;420013 / 00001;20.800.004,00
set/18;APEX-BR;05.507.500/0001-38;38.844.861,00
set/18;ABDI;07.200.966/0001-11;6.342.163,00
out/18;FNDE;153173 / 15253;1.525.126.063,00
out/18;INCRA;373001 / 37201;120.979.982,00
out/18;SENAI;33.564.543/0001-90;110.164.666,00
out/18;SESI;33.641.358/0001-52;157.423.045,00
out/18;SENAC;33.469.172/0001-68;208.683.788,00
out/18;SESC;33.469.164/0001-11;379.119.439,00
out/18;SEBRAE;00.330.854/0001-45;242.977.767,00
out/18;EMBRATUR;35.842.428/0001-66;0
out/18;DPC;852001 / 00001;11.215.874,00
out/18;ANAC;122002 / 00001;17.001.170,00
out/18;SENAR;37.138.245/0001-90;92.001.809,00
out/18;SEST;73.471.989/0001-95;41.819.755,00
out/18;SENAT;73.471.963/0001-47;26.614.369,00
out/18;SESCOOP;03.087.543/0001-86;27.574.842,00
out/18;SDR;420013 / 00001;9.081.115,00
out/18;APEX-BR;05.507.500/0001-38;35.413.459,00
out/18;ABDI;07.200.966/0001-11;5.781.949,00
nov/18;FNDE;153173 / 15253;1.593.844.416,00
nov/18;INCRA;373001 / 37201;126.527.407,00
nov/18;SENAI;33.564.543/0001-90;113.291.706,00
nov/18;SESI;33.641.358/0001-52;162.249.001,00
nov/18;SENAC;33.469.172/0001-68;217.599.574,00
nov/18;SESC;33.469.164/0001-11;392.726.425,00
nov/18;SEBRAE;00.330.854/0001-45;254.794.720,00
nov/18;EMBRATUR;35.842.428/0001-66;0
nov/18;DPC;852001 / 00001;11.546.004,00
nov/18;ANAC;122002 / 00001;16.718.708,00
nov/18;SENAR;37.138.245/0001-90;90.445.671,00
nov/18;SEST;73.471.989/0001-95;42.971.178,00
nov/18;SENAT;73.471.963/0001-47;27.456.501,00
nov/18;SESCOOP;03.087.543/0001-86;28.005.756,00
nov/18;SDR;420013 / 00001;8.911.100,00
nov/18;APEX-BR;05.507.500/0001-38;37.131.169,00
nov/18;ABDI;07.200.966/0001-11;6.062.402,00
dez/18;FNDE;153173 / 15253;1.626.809.010,00
dez/18;INCRA;373001 / 37201;129.563.614,00
dez/18;SENAI;33.564.543/0001-90;112.676.412,00
dez/18;SESI;33.641.358/0001-52;161.874.475,00
dez/18;SENAC;33.469.172/0001-68;223.465.587,00
dez/18;SESC;33.469.164/0001-11;402.744.493,00
dez/18;SEBRAE;00.330.854/0001-45;263.034.038,00
dez/18;EMBRATUR;35.842.428/0001-66;0
dez/18;DPC;852001 / 00001;12.011.156,00
dez/18;ANAC;122002 / 00001;17.355.673,00
dez/18;SENAR;37.138.245/0001-90;88.365.344,00
dez/18;SEST;73.471.989/0001-95;43.910.308,00
dez/18;SENAT;73.471.963/0001-47;28.203.114,00
dez/18;SESCOOP;03.087.543/0001-86;27.972.870,00
dez/18;SDR;420013 / 00001;8.847.343,00
dez/18;APEX-BR;05.507.500/0001-38;38.338.468,00
dez/18;ABDI;07.200.966/0001-11;6.259.504,00
jan/19;FNDE;153173 / 15253;2.813.094.868,00
jan/19;INCRA;373001 / 37201;222.965.066,00
jan/19;SENAI;33.564.543/0001-90;190.839.310,00
jan/19;SESI;33.641.358/0001-52;270.637.167,00
jan/19;SENAC;33.469.172/0001-68;388.624.046,00
jan/19;SESC;33.469.164/0001-11;702.782.190,00
jan/19;SEBRAE;00.330.854/0001-45;451.650.966,00
jan/19;EMBRATUR;35.842.428/0001-66;0
jan/19;DPC;852001 / 00001;20.017.503,00
jan/19;ANAC;122002 / 00001;29.322.223,00
jan/19;SENAR;37.138.245/0001-90;83.329.998,00
jan/19;SEST;73.471.989/0001-95;66.534.729,00
jan/19;SENAT;73.471.963/0001-47;43.301.954,00
jan/19;SESCOOP;03.087.543/0001-86;53.153.993,00
jan/19;SDR;420013 / 00001;14.796.282,00
jan/19;APEX-BR;05.507.500/0001-38;65.843.104,00
jan/19;ABDI;07.200.966/0001-11;10.750.113,00
fev/19;FNDE;153173 / 15253;1.731.450.323,00
fev/19;INCRA;373001 / 37201;138.185.352,00
fev/19;SENAI;33.564.543/0001-90;122.123.728,00
fev/19;SESI;33.641.358/0001-52;174.742.432,00
fev/19;SENAC;33.469.172/0001-68;238.281.984,00
fev/19;SESC;33.469.164/0001-11;430.401.793,00
fev/19;SEBRAE;00.330.854/0001-45;280.030.953,00
fev/19;EMBRATUR;35.842.428/0001-66;0
fev/19;DPC;852001 / 00001;13.217.532,00
fev/19;ANAC;122002 / 00001;21.123.059,00
fev/19;SENAR;37.138.245/0001-90;98.999.202,00
fev/19;SEST;73.471.989/0001-95;42.958.182,00
fev/19;SENAT;73.471.963/0001-47;27.501.632,00
fev/19;SESCOOP;03.087.543/0001-86;29.830.734,00
fev/19;SDR;420013 / 00001;9.148.009,00
fev/19;APEX-BR;05.507.500/0001-38;40.812.084,00
fev/19;ABDI;07.200.966/0001-11;6.663.400,00
mar/19;FNDE;153173 / 15253;1.678.669.736,00
mar/19;INCRA;373001 / 37201;122.922.080,00
mar/19;SENAI;33.564.543/0001-90;113.541.855,00
mar/19;SESI;33.641.358/0001-52;163.568.403,00
mar/19;SENAC;33.469.172/0001-68;230.598.256,00
mar/19;SESC;33.469.164/0001-11;415.232.536,00
mar/19;SEBRAE;00.330.854/0001-45;266.876.164,00
mar/19;EMBRATUR;35.842.428/0001-66;0
mar/19;DPC;852001 / 00001;12.577.271,00
mar/19;ANAC;122002 / 00001;18.208.057,00
mar/19;SENAR;37.138.245/0001-90;79.724.140,00
mar/19;SEST;73.471.989/0001-95;43.541.901,00
mar/19;SENAT;73.471.963/0001-47;27.968.125,00
mar/19;SESCOOP;03.087.543/0001-86;29.824.430,00
mar/19;SDR;420013 / 00001;8.785.621,00
mar/19;APEX-BR;05.507.500/0001-38;38.895.728,00
mar/19;ABDI;07.200.966/0001-11;6.350.545,00
abr/19;FNDE;153173 / 15253;1.644.460.287,00
abr/19;INCRA;373001 / 37201;130.811.739,00
abr/19;SENAI;33.564.543/0001-90;110.740.681,00
abr/19;SESI;33.641.358/0001-52;159.445.760,00
abr/19;SENAC;33.469.172/0001-68;228.855.859,00
abr/19;SESC;33.469.164/0001-11;409.826.861,00
abr/19;SEBRAE;00.330.854/0001-45;263.683.677,00
abr/19;EMBRATUR;35.842.428/0001-66;0
abr/19;DPC;852001 / 00001;12.061.872,00
abr/19;ANAC;122002 / 00001;16.553.170,00
abr/19;SENAR;37.138.245/0001-90;89.251.005,00
abr/19;SEST;73.471.989/0001-95;43.298.608,00
abr/19;SENAT;73.471.963/0001-47;27.700.814,00
abr/19;SESCOOP;03.087.543/0001-86;30.257.177,00
abr/19;SDR;420013 / 00001;8.610.390,00
abr/19;APEX-BR;05.507.500/0001-38;38.435.231,00
abr/19;ABDI;07.200.966/0001-11;6.275.335,00
mai/19;FNDE;153173 / 15253;1.676.920.697,00
mai/19;INCRA;373001 / 37201;137.254.514,00
mai/19;SENAI;33.564.543/0001-90;116.337.762,00
mai/19;SESI;33.641.358/0001-52;167.244.213,00
mai/19;SENAC;33.469.172/0001-68;232.775.933,00
mai/19;SESC;33.469.164/0001-11;418.109.006,00
mai/19;SEBRAE;00.330.854/0001-45;271.697.802,00
mai/19;EMBRATUR;35.842.428/0001-66;0
mai/19;DPC;852001 / 00001;11.216.180,00
mai/19;ANAC;122002 / 00001;17.340.219,00
mai/19;SENAR;37.138.245/0001-90;110.883.914,00
mai/19;SEST;73.471.989/0001-95;45.140.122,00
mai/19;SENAT;73.471.963/0001-47;28.931.626,00
mai/19;SESCOOP;03.087.543/0001-86;30.042.873,00
mai/19;SDR;420013 / 00001;8.952.252,00
mai/19;APEX-BR;05.507.500/0001-38;39.600.222,00
mai/19;ABDI;07.200.966/0001-11;6.465.545,00
jun/19;FNDE;153173 / 15253;1.658.497.835,00
jun/19;INCRA;373001 / 37201;135.846.293,00
jun/19;SENAI;33.564.543/0001-90;114.147.759,00
jun/19;SESI;33.641.358/0001-52;163.937.551,00
jun/19;SENAC;33.469.172/0001-68;230.063.322,00
jun/19;SESC;33.469.164/0001-11;416.494.689,00
jun/19;SEBRAE;00.330.854/0001-45;268.535.354,00
jun/19;EMBRATUR;35.842.428/0001-66;0
jun/19;DPC;852001 / 00001;11.845.122,00
jun/19;ANAC;122002 / 00001;17.654.969,00
jun/19;SENAR;37.138.245/0001-90;104.389.316,00
jun/19;SEST;73.471.989/0001-95;43.065.968,00
jun/19;SENAT;73.471.963/0001-47;28.304.440,00
jun/19;SESCOOP;03.087.543/0001-86;30.845.266,00
jun/19;SDR;420013 / 00001;5.207.701,00
jun/19;APEX-BR;05.507.500/0001-38;39.140.198,00
jun/19;ABDI;07.200.966/0001-11;6.390.502,00
jul/19;FNDE;153173 / 15253;1.643.105.488,00
jul/19;INCRA;373001 / 37201;136.626.256,00
jul/19;SENAI;33.564.543/0001-90;111.876.166,00
jul/19;SESI;33.641.358/0001-52;160.090.702,00
jul/19;SENAC;33.469.172/0001-68;227.989.585,00
jul/19;SESC;33.469.164/0001-11;410.534.953,00
jul/19;SEBRAE;00.330.854/0001-45;264.786.608,00
jul/19;EMBRATUR;35.842.428/0001-66;0
jul/19;DPC;852001 / 00001;12.161.877,00
jul/19;ANAC;122002 / 00001;17.266.590,00
jul/19;SENAR;37.138.245/0001-90;107.552.954,00
jul/19;SEST;73.471.989/0001-95;43.053.899,00
jul/19;SENAT;73.471.963/0001-47;28.454.799,00
jul/19;SESCOOP;03.087.543/0001-86;30.408.187,00
jul/19;SDR;420013 / 00001;4.792.303,00
jul/19;APEX-BR;05.507.500/0001-38;38.592.816,00
jul/19;ABDI;07.200.966/0001-11;6.301.149,00
ago/19;FNDE;153173 / 15253;1.663.569.656,00
ago/19;INCRA;373001 / 37201;135.621.503,00
ago/19;SENAI;33.564.543/0001-90;114.706.402,00
ago/19;SESI;33.641.358/0001-52;165.019.498,00
ago/19;SENAC;33.469.172/0001-68;233.469.667,00
ago/19;SESC;33.469.164/0001-11;420.951.201,00
ago/19;SEBRAE;00.330.854/0001-45;268.748.032,00
ago/19;EMBRATUR;35.842.428/0001-66;0
ago/19;DPC;852001 / 00001;12.107.381,00
ago/19;ANAC;122002 / 00001;17.410.084,00
ago/19;SENAR;37.138.245/0001-90;92.271.813,00
ago/19;SEST;73.471.989/0001-95;43.684.820,00
ago/19;SENAT;73.471.963/0001-47;29.010.673,00
ago/19;SESCOOP;03.087.543/0001-86;30.842.161,00
ago/19;SDR;420013 / 00001;4.779.241,00
ago/19;APEX-BR;05.507.500/0001-38;39.169.801,00
ago/19;ABDI;07.200.966/0001-11;6.395.372,00
set/19;FNDE;153173 / 15253;1.712.131.030,00
set/19;INCRA;373001 / 37201;141.151.964,00
set/19;SENAI;33.564.543/0001-90;118.212.686,00
set/19;SESI;33.641.358/0001-52;169.950.572,00
set/19;SENAC;33.469.172/0001-68;239.504.611,00
set/19;SESC;33.469.164/0001-11;431.250.779,00
set/19;SEBRAE;00.330.854/0001-45;277.087.101,00
set/19;EMBRATUR;35.842.428/0001-66;0
set/19;DPC;852001 / 00001;12.339.005,00
set/19;ANAC;122002 / 00001;18.841.848,00
set/19;SENAR;37.138.245/0001-90;102.265.544,00
set/19;SEST;73.471.989/0001-95;46.071.467,00
set/19;SENAT;73.471.963/0001-47;30.490.447,00
set/19;SESCOOP;03.087.543/0001-86;31.767.630,00
set/19;SDR;420013 / 00001;4.728.646,00
set/19;APEX-BR;05.507.500/0001-38;40.381.473,00
set/19;ABDI;07.200.966/0001-11;6.593.192,00
out/19;FNDE;153173 / 15253;1.681.823.232,00
out/19;INCRA;373001 / 37201;141.926.619,00
out/19;SENAI;33.564.543/0001-90;116.884.053,00
out/19;SESI;33.641.358/0001-52;168.820.716,00
out/19;SENAC;33.469.172/0001-68;237.394.222,00
out/19;SESC;33.469.164/0001-11;420.043.942,00
out/19;SEBRAE;00.330.854/0001-45;271.561.121,00
out/19;EMBRATUR;35.842.428/0001-66;0
out/19;DPC;852001 / 00001;10.796.370,00
out/19;ANAC;122002 / 00001;17.573.159,00
out/19;SENAR;37.138.245/0001-90;109.305.496,00
out/19;SEST;73.471.989/0001-95;44.851.315,00
out/19;SENAT;73.471.963/0001-47;29.678.673,00
out/19;SESCOOP;03.087.543/0001-86;32.684.360,00
out/19;SDR;420013 / 00001;4.582.337,00
out/19;APEX-BR;05.507.500/0001-38;39.580.998,00
out/19;ABDI;07.200.966/0001-11;6.462.513,00
nov/19;FNDE;153173 / 15253;1.702.648.246,00
nov/19;INCRA;373001 / 37201;137.795.137,00
nov/19;SENAI;33.564.543/0001-90;117.218.043,00
nov/19;SESI;33.641.358/0001-52;168.950.543,00
nov/19;SENAC;33.469.172/0001-68;241.992.155,00
nov/19;SESC;33.469.164/0001-11;434.810.916,00
nov/19;SEBRAE;00.330.854/0001-45;277.022.453,00
nov/19;EMBRATUR;35.842.428/0001-66;0
nov/19;DPC;852001 / 00001;11.058.857,00
nov/19;ANAC;122002 / 00001;17.415.118,00
nov/19;SENAR;37.138.245/0001-90;95.372.385,00
nov/19;SEST;73.471.989/0001-95;45.932.812,00
nov/19;SENAT;73.471.963/0001-47;30.324.457,00
nov/19;SESCOOP;03.087.543/0001-86;33.052.044,00
nov/19;SDR;420013 / 00001;4.686.957,00
nov/19;APEX-BR;05.507.500/0001-38;40.378.043,00
nov/19;ABDI;07.200.966/0001-11;6.592.653,00
dez/19;FNDE;153173 / 15253;1.691.928.811,00
dez/19;INCRA;373001 / 37201;141.785.505,00
dez/19;SENAI;33.564.543/0001-90;115.047.003,00
dez/19;SESI;33.641.358/0001-52;165.807.948,00
dez/19;SENAC;33.469.172/0001-68;238.512.035,00
dez/19;SESC;33.469.164/0001-11;426.538.658,00
dez/19;SEBRAE;00.330.854/0001-45;275.259.457,00
dez/19;EMBRATUR;35.842.428/0001-66;0
dez/19;DPC;852001 / 00001;11.039.407,00
dez/19;ANAC;122002 / 00001;17.221.585,00
dez/19;SENAR;37.138.245/0001-90;102.125.180,00
dez/19;SEST;73.471.989/0001-95;48.049.307,00
dez/19;SENAT;73.471.963/0001-47;31.826.156,00
dez/19;SESCOOP;03.087.543/0001-86;31.579.548,00
dez/19;SDR;420013 / 00001;4.579.934,00
dez/19;APEX-BR;05.507.500/0001-38;40.119.784,00
dez/19;ABDI;07.200.966/0001-11;6.550.479,00
jan/20;FNDE;153173 / 15253;3.023.694.517,00
jan/20;INCRA;373001 / 37201;252.964.059,00
jan/20;SENAI;33.564.543/0001-90;199.324.355,00
jan/20;SESI;33.641.358/0001-52;286.979.350,00
jan/20;SENAC;33.469.172/0001-68;424.055.478,00
jan/20;SESC;33.469.164/0001-11;758.236.867,00
jan/20;SEBRAE;00.330.854/0001-45;401.047.445,00
jan/20;EMBRATUR;35.842.428/0001-66;90.202.735,00
jan/20;DPC;852001 / 00001;20.407.250,00
jan/20;ANAC;122002 / 00001;28.976.600,00
jan/20;SENAR;37.138.245/0001-90;96.737.394,00
jan/20;SEST;73.471.989/0001-95;76.278.017,00
jan/20;SENAT;73.471.963/0001-47;50.687.228,00
jan/20;SESCOOP;03.087.543/0001-86;61.776.640,00
jan/20;SDR;420013 / 00001;7.699.417,00
jan/20;APEX-BR;05.507.500/0001-38;71.611.572,00
jan/20;ABDI;07.200.966/0001-11;11.692.049,00
fev/20;FNDE;153173 / 15253;1.745.524.551,00
fev/20;INCRA;373001 / 37201;145.635.992,00
fev/20;SENAI;33.564.543/0001-90;121.010.007,00
fev/20;SESI;33.641.358/0001-52;176.265.309,00
fev/20;SENAC;33.469.172/0001-68;250.715.187,00
fev/20;SESC;33.469.164/0001-11;447.209.675,00
fev/20;SEBRAE;00.330.854/0001-45;232.467.772,00
fev/20;EMBRATUR;35.842.428/0001-66;52.274.883,00
fev/20;DPC;852001 / 00001;13.191.621,00
fev/20;ANAC;122002 / 00001;19.687.965,00
fev/20;SENAR;37.138.245/0001-90;73.532.596,00
fev/20;SEST;73.471.989/0001-95;44.262.378,00
fev/20;SENAT;73.471.963/0001-47;29.408.658,00
fev/20;SESCOOP;03.087.543/0001-86;34.312.782,00
fev/20;SDR;420013 / 00001;4.640.735,00
fev/20;APEX-BR;05.507.500/0001-38;41.500.854,00
fev/20;ABDI;07.200.966/0001-11;6.776.154,00
mar/20;FNDE;153173 / 15253;1.703.528.433,00
mar/20;INCRA;373001 / 37201;138.814.641,00
mar/20;SENAI;33.564.543/0001-90;114.761.918,00
mar/20;SESI;33.641.358/0001-52;165.285.969,00
mar/20;SENAC;33.469.172/0001-68;244.712.777,00
mar/20;SESC;33.469.164/0001-11;437.897.648,00
mar/20;SEBRAE;00.330.854/0001-45;225.600.700,00
mar/20;EMBRATUR;35.842.428/0001-66;50.715.821,00
mar/20;DPC;852001 / 00001;12.459.389,00
mar/20;ANAC;122002 / 00001;18.245.350,00
mar/20;SENAR;37.138.245/0001-90;82.721.451,00
mar/20;SEST;73.471.989/0001-95;43.765.180,00
mar/20;SENAT;73.471.963/0001-47;29.219.017,00
mar/20;SESCOOP;03.087.543/0001-86;30.165.843,00
mar/20;SDR;420013 / 00001;4.697.052,00
mar/20;APEX-BR;05.507.500/0001-38;40.263.118,00
mar/20;ABDI;07.200.966/0001-11;6.574.043,00
abr/20;FNDE;153173 / 15253;1.680.177.717,00
abr/20;INCRA;373001 / 37201;136.132.168,00
abr/20;SENAI;33.564.543/0001-90;109.372.848,00
abr/20;SESI;33.641.358/0001-52;157.892.286,00
abr/20;SENAC;33.469.172/0001-68;235.130.011,00
abr/20;SESC;33.469.164/0001-11;417.369.110,00
abr/20;SEBRAE;00.330.854/0001-45;220.324.924,00
abr/20;EMBRATUR;35.842.428/0001-66;49.549.991,00
abr/20;DPC;852001 / 00001;11.631.440,00
abr/20;ANAC;122002 / 00001;16.443.003,00
abr/20;SENAR;37.138.245/0001-90;121.730.266,00
abr/20;SEST;73.471.989/0001-95;38.650.131,00
abr/20;SENAT;73.471.963/0001-47;25.615.094,00
abr/20;SESCOOP;03.087.543/0001-86;36.275.829,00
abr/20;SDR;420013 / 00001;4.233.903,00
abr/20;APEX-BR;05.507.500/0001-38;39.337.569,00
abr/20;ABDI;07.200.966/0001-11;6.422.925,00
mai/20;FNDE;153173 / 15253;1.554.978.857,00
mai/20;INCRA;373001 / 37201;125.075.201,00
mai/20;SENAI;33.564.543/0001-90;103.027.330,00
mai/20;SESI;33.641.358/0001-52;148.787.940,00
mai/20;SENAC;33.469.172/0001-68;220.551.100,00
mai/20;SESC;33.469.164/0001-11;393.541.561,00
mai/20;SEBRAE;00.330.854/0001-45;204.245.924,00
mai/20;EMBRATUR;35.842.428/0001-66;45.933.122,00
mai/20;DPC;852001 / 00001;10.458.995,00
mai/20;ANAC;122002 / 00001;12.403.347,00
mai/20;SENAR;37.138.245/0001-90;138.083.586,00
mai/20;SEST;73.471.989/0001-95;31.398.276,00
mai/20;SENAT;73.471.963/0001-47;20.690.735,00
mai/20;SESCOOP;03.087.543/0001-86;36.334.600,00
mai/20;SDR;420013 / 00001;4.085.446,00
mai/20;APEX-BR;05.507.500/0001-38;36.466.148,00
mai/20;ABDI;07.200.966/0001-11;5.954.097,00
jun/20;FNDE;153173 / 15253;1.645.756.842,00
jun/20;INCRA;373001 / 37201;133.489.518,00
jun/20;SENAI;33.564.543/0001-90;60.659.537,00
jun/20;SESI;33.641.358/0001-52;87.753.844,00
jun/20;SENAC;33.469.172/0001-68;113.233.309,00
jun/20;SESC;33.469.164/0001-11;201.113.889,00
jun/20;SEBRAE;00.330.854/0001-45;216.154.310,00
jun/20;EMBRATUR;35.842.428/0001-66;48.627.667,00
jun/20;DPC;852001 / 00001;11.982.243,00
jun/20;ANAC;122002 / 00001;10.163.877,00
jun/20;SENAR;37.138.245/0001-90;85.032.061,00
jun/20;SEST;73.471.989/0001-95;19.816.795,00
jun/20;SENAT;73.471.963/0001-47;12.978.202,00
jun/20;SESCOOP;03.087.543/0001-86;14.060.695,00
jun/20;SDR;420013 / 00001;4.597.638,00
jun/20;APEX-BR;05.507.500/0001-38;38.764.286,00
jun/20;ABDI;07.200.966/0001-11;6.329.292,00
jul/20;FNDE;153173 / 15253;1.519.440.767,00
jul/20;INCRA;373001 / 37201;126.059.067,00
jul/20;SENAI;33.564.543/0001-90;52.013.676,00
jul/20;SESI;33.641.358/0001-52;75.455.895,00
jul/20;SENAC;33.469.172/0001-68;104.258.266,00
jul/20;SESC;33.469.164/0001-11;185.904.175,00
jul/20;SEBRAE;00.330.854/0001-45;244.243.784,00
jul/20;EMBRATUR;35.842.428/0001-66;0
jul/20;DPC;852001 / 00001;10.424.135,00
jul/20;ANAC;122002 / 00001;1.252.387,00
jul/20;SENAR;37.138.245/0001-90;52.255.067,00
jul/20;SEST;73.471.989/0001-95;19.995.060,00
jul/20;SENAT;73.471.963/0001-47;12.856.452,00
jul/20;SESCOOP;03.087.543/0001-86;16.213.676,00
jul/20;SDR;420013 / 00001;4.328.392,00
jul/20;APEX-BR;05.507.500/0001-38;35.751.408,00
jul/20;ABDI;07.200.966/0001-11;5.837.272,00
ago/20;FNDE;153173 / 15253;1.590.847.777,00
ago/20;INCRA;373001 / 37201;131.771.488,00
ago/20;SENAI;33.564.543/0001-90;55.999.387,00
ago/20;SESI;33.641.358/0001-52;80.825.812,00
ago/20;SENAC;33.469.172/0001-68;108.369.622,00
ago/20;SESC;33.469.164/0001-11;194.027.657,00
ago/20;SEBRAE;00.330.854/0001-45;252.108.674,00
ago/20;EMBRATUR;35.842.428/0001-66;0
ago/20;DPC;852001 / 00001;12.152.194,00
ago/20;ANAC;122002 / 00001;10.249.103,00
ago/20;SENAR;37.138.245/0001-90;60.278.875,00
ago/20;SEST;73.471.989/0001-95;19.679.835,00
ago/20;SENAT;73.471.963/0001-47;12.973.170,00
ago/20;SESCOOP;03.087.543/0001-86;17.974.497,00
ago/20;SDR;420013 / 00001;4.677.131,00
ago/20;APEX-BR;05.507.500/0001-38;36.910.191,00
ago/20;ABDI;07.200.966/0001-11;6.026.492,00
set/20;FNDE;153173 / 15253;1.603.805.415,00
set/20;INCRA;373001 / 37201;131.818.167,00
set/20;SENAI;33.564.543/0001-90;111.092.861,00
set/20;SESI;33.641.358/0001-52;159.637.304,00
set/20;SENAC;33.469.172/0001-68;222.295.183,00
set/20;SESC;33.469.164/0001-11;393.620.608,00
set/20;SEBRAE;00.330.854/0001-45;257.257.899,00
set/20;EMBRATUR;35.842.428/0001-66;0
set/20;DPC;852001 / 00001;11.903.247,00
set/20;ANAC;122002 / 00001;12.479.761,00
set/20;SENAR;37.138.245/0001-90;128.218.900,00
set/20;SEST;73.471.989/0001-95;39.167.217,00
set/20;SENAT;73.471.963/0001-47;25.811.712,00
set/20;SESCOOP;03.087.543/0001-86;30.560.307,00
set/20;SDR;420013 / 00001;4.311.631,00
set/20;APEX-BR;05.507.500/0001-38;37.489.985,00
set/20;ABDI;07.200.966/0001-11;6.121.147,00
out/20;FNDE;153173 / 15253;1.659.526.735,00
out/20;INCRA;373001 / 37201;134.496.068,00
out/20;SENAI;33.564.543/0001-90;115.642.117,00
out/20;SESI;33.641.358/0001-52;166.893.312,00
out/20;SENAC;33.469.172/0001-68;231.082.508,00
out/20;SESC;33.469.164/0001-11;403.575.599,00
out/20;SEBRAE;00.330.854/0001-45;265.404.268,00
out/20;EMBRATUR;35.842.428/0001-66;0
out/20;DPC;852001 / 00001;11.088.126,00
out/20;ANAC;122002 / 00001;12.988.276,00
out/20;SENAR;37.138.245/0001-90;124.341.475,00
out/20;SEST;73.471.989/0001-95;42.239.892,00
out/20;SENAT;73.471.963/0001-47;27.536.472,00
out/20;SESCOOP;03.087.543/0001-86;37.035.576,00
out/20;SDR;420013 / 00001;4.478.781,00
out/20;APEX-BR;05.507.500/0001-38;38.686.737,00
out/20;ABDI;07.200.966/0001-11;6.316.560,00
nov/20;FNDE;153173 / 15253;1.721.925.081,00
nov/20;INCRA;373001 / 37201;141.669.478,00
nov/20;SENAI;33.564.543/0001-90;123.863.055,00
nov/20;SESI;33.641.358/0001-52;179.241.528,00
nov/20;SENAC;33.469.172/0001-68;238.896.192,00
nov/20;SESC;33.469.164/0001-11;419.968.008,00
nov/20;SEBRAE;00.330.854/0001-45;278.743.269,00
nov/20;EMBRATUR;35.842.428/0001-66;0
nov/20;DPC;852001 / 00001;12.614.690,00
nov/20;ANAC;122002 / 00001;13.174.363,00
nov/20;SENAR;37.138.245/0001-90;139.327.093,00
nov/20;SEST;73.471.989/0001-95;42.765.783,00
nov/20;SENAT;73.471.963/0001-47;27.697.647,00
nov/20;SESCOOP;03.087.543/0001-86;33.597.991,00
nov/20;SDR;420013 / 00001;4.671.316,00
nov/20;APEX-BR;05.507.500/0001-38;40.628.165,00
nov/20;ABDI;07.200.966/0001-11;6.633.525,00
dez/20;FNDE;153173 / 15253;1.749.265.154,00
dez/20;INCRA;373001 / 37201;143.790.589,00
dez/20;SENAI;33.564.543/0001-90;123.317.365,00
dez/20;SESI;33.641.358/0001-52;178.742.123,00
dez/20;SENAC;33.469.172/0001-68;243.539.838,00
dez/20;SESC;33.469.164/0001-11;429.453.962,00
dez/20;SEBRAE;00.330.854/0001-45;281.095.416,00
dez/20;EMBRATUR;35.842.428/0001-66;0
dez/20;DPC;852001 / 00001;12.792.337,00
dez/20;ANAC;122002 / 00001;12.047.587,00
dez/20;SENAR;37.138.245/0001-90;133.365.921,00
dez/20;SEST;73.471.989/0001-95;42.807.560,00
dez/20;SENAT;73.471.963/0001-47;28.379.193,00
dez/20;SESCOOP;03.087.543/0001-86;35.451.306,00
dez/20;SDR;420013 / 00001;4.638.871,00
dez/20;APEX-BR;05.507.500/0001-38;40.972.291,00
dez/20;ABDI;07.200.966/0001-11;6.689.715,00
jan/21;FNDE;153173 / 15253;3.074.883.303,00
jan/21;INCRA;373001 / 37201;253.529.826,00
jan/21;SENAI;33.564.543/0001-90;207.845.421,00
jan/21;SESI;33.641.358/0001-52;300.380.090,00
jan/21;SENAC;33.469.172/0001-68;426.516.302,00
jan/21;SESC;33.469.164/0001-11;749.145.877,00
jan/21;SEBRAE;00.330.854/0001-45;493.946.068,00
jan/21;EMBRATUR;35.842.428/0001-66;0
jan/21;DPC;852001 / 00001;21.364.259,00
jan/21;ANAC;122002 / 00001;53.775.634,00
jan/21;SENAR;37.138.245/0001-90;118.099.698,00
jan/21;SEST;73.471.989/0001-95;67.603.165,00
jan/21;SENAT;73.471.963/0001-47;44.775.118,00
jan/21;SESCOOP;03.087.543/0001-86;63.910.335,00
jan/21;SDR;420013 / 00001;7.139.976,00
jan/21;APEX-BR;05.507.500/0001-38;72.005.710,00
jan/21;ABDI;07.200.966/0001-11;11.756.430,00
fev/21;FNDE;153173 / 15253;1.739.188.903,00
fev/21;INCRA;373001 / 37201;139.214.875,00
fev/21;SENAI;33.564.543/0001-90;124.464.814,00
fev/21;SESI;33.641.358/0001-52;179.286.777,00
fev/21;SENAC;33.469.172/0001-68;248.186.165,00
fev/21;SESC;33.469.164/0001-11;435.004.045,00
fev/21;SEBRAE;00.330.854/0001-45;285.970.893,00
fev/21;EMBRATUR;35.842.428/0001-66;0
fev/21;DPC;852001 / 00001;12.086.509,00
fev/21;ANAC;122002 / 00001;18.457.117,00
fev/21;SENAR;37.138.245/0001-90;100.627.379,00
fev/21;SEST;73.471.989/0001-95;41.746.790,00
fev/21;SENAT;73.471.963/0001-47;27.526.630,00
fev/21;SESCOOP;03.087.543/0001-86;34.400.068,00
fev/21;SDR;420013 / 00001;4.613.194,00
fev/21;APEX-BR;05.507.500/0001-38;41.696.014,00
fev/21;ABDI;07.200.966/0001-11;6.807.875,00
mar/21;FNDE;153173 / 15253;1.813.827.563,00
mar/21;INCRA;373001 / 37201;149.526.328,00
mar/21;SENAI;33.564.543/0001-90;126.586.983,00
mar/21;SESI;33.641.358/0001-52;183.412.515,00
mar/21;SENAC;33.469.172/0001-68;251.051.804,00
mar/21;SESC;33.469.164/0001-11;443.788.794,00
mar/21;SEBRAE;00.330.854/0001-45;293.937.886,00
mar/21;EMBRATUR;35.842.428/0001-66;0
mar/21;DPC;852001 / 00001;12.396.293,00
mar/21;ANAC;122002 / 00001;13.604.110,00
mar/21;SENAR;37.138.245/0001-90;109.785.297,00
mar/21;SEST;73.471.989/0001-95;42.832.269,00
mar/21;SENAT;73.471.963/0001-47;28.308.878,00
mar/21;SESCOOP;03.087.543/0001-86;37.336.118,00
mar/21;SDR;420013 / 00001;4.886.935,00
mar/21;APEX-BR;05.507.500/0001-38;42.846.092,00
mar/21;ABDI;07.200.966/0001-11;6.995.650,00
abr/21;FNDE;153173 / 15253;1.752.203.853,00
abr/21;INCRA;373001 / 37201;139.722.058,00
abr/21;SENAI;33.564.543/0001-90;120.571.129,00
abr/21;SESI;33.641.358/0001-52;175.457.645,00
abr/21;SENAC;33.469.172/0001-68;244.397.492,00
abr/21;SESC;33.469.164/0001-11;431.158.238,00
abr/21;SEBRAE;00.330.854/0001-45;277.571.111,00
abr/21;EMBRATUR;35.842.428/0001-66;0
abr/21;DPC;852001 / 00001;11.188.573,00
abr/21;ANAC;122002 / 00001;21.992.805,00
abr/21;SENAR;37.138.245/0001-90;134.642.044,00
abr/21;SEST;73.471.989/0001-95;41.036.738,00
abr/21;SENAT;73.471.963/0001-47;27.079.232,00
abr/21;SESCOOP;03.087.543/0001-86;34.004.095,00
abr/21;SDR;420013 / 00001;4.809.987,00
abr/21;APEX-BR;05.507.500/0001-38;40.459.955,00
abr/21;ABDI;07.200.966/0001-11;6.606.069,00
mai/21;FNDE;153173 / 15253;1.818.947.539,00
mai/21;INCRA;373001 / 37201;148.835.177,00
mai/21;SENAI;33.564.543/0001-90;126.880.219,00
mai/21;SESI;33.641.358/0001-52;184.168.047,00
mai/21;SENAC;33.469.172/0001-68;245.946.030,00
mai/21;SESC;33.469.164/0001-11;432.247.720,00
mai/21;SEBRAE;00.330.854/0001-45;296.119.970,00
mai/21;EMBRATUR;35.842.428/0001-66;0
mai/21;DPC;852001 / 00001;12.618.018,00
mai/21;ANAC;122002 / 00001;14.790.325,00
mai/21;SENAR;37.138.245/0001-90;222.586.366,00
mai/21;SEST;73.471.989/0001-95;42.506.147,00
mai/21;SENAT;73.471.963/0001-47;28.136.178,00
mai/21;SESCOOP;03.087.543/0001-86;36.801.653,00
mai/21;SDR;420013 / 00001;4.516.546,00
mai/21;APEX-BR;05.507.500/0001-38;43.163.869,00
mai/21;ABDI;07.200.966/0001-11;7.047.519,00
jun/21;FNDE;153173 / 15253;1.770.746.958,00
jun/21;INCRA;373001 / 37201;145.059.667,00
jun/21;SENAI;33.564.543/0001-90;127.848.203,00
jun/21;SESI;33.641.358/0001-52;185.564.204,00
jun/21;SENAC;33.469.172/0001-68;256.429.815,00
jun/21;SESC;33.469.164/0001-11;450.737.622,00
jun/21;SEBRAE;00.330.854/0001-45;290.260.552,00
jun/21;EMBRATUR;35.842.428/0001-66;0
jun/21;DPC;852001 / 00001;12.246.091,00
jun/21;ANAC;122002 / 00001;14.662.633,00
jun/21;SENAR;37.138.245/0001-90;205.329.952,00
jun/21;SEST;73.471.989/0001-95;43.503.799,00
jun/21;SENAT;73.471.963/0001-47;28.726.154,00
jun/21;SESCOOP;03.087.543/0001-86;36.416.737,00
jun/21;SDR;420013 / 00001;4.708.535,00
jun/21;APEX-BR;05.507.500/0001-38;42.308.091,00
jun/21;ABDI;07.200.966/0001-11;6.907.809,00
jul/21;FNDE;153173 / 15253;1.804.617.066,00
jul/21;INCRA;373001 / 37201;146.620.762,00
jul/21;SENAI;33.564.543/0001-90;129.649.737,00
jul/21;SESI;33.641.358/0001-52;189.063.440,00
jul/21;SENAC;33.469.172/0001-68;255.796.564,00
jul/21;SESC;33.469.164/0001-11;448.687.830,00
jul/21;SEBRAE;00.330.854/0001-45;297.517.229,00
jul/21;EMBRATUR;35.842.428/0001-66;0
jul/21;DPC;852001 / 00001;12.558.204,00
jul/21;ANAC;122002 / 00001;15.125.941,00
jul/21;SENAR;37.138.245/0001-90;190.127.689,00
jul/21;SEST;73.471.989/0001-95;43.403.528,00
jul/21;SENAT;73.471.963/0001-47;28.407.389,00
jul/21;SESCOOP;03.087.543/0001-86;35.229.804,00
jul/21;SDR;420013 / 00001;4.687.010,00
jul/21;APEX-BR;05.507.500/0001-38;43.368.051,00
jul/21;ABDI;07.200.966/0001-11;7.080.872,00
ago/21;FNDE;153173 / 15253;1.826.968.713,00
ago/21;INCRA;373001 / 37201;148.385.956,00
ago/21;SENAI;33.564.543/0001-90;131.867.620,00
ago/21;SESI;33.641.358/0001-52;191.660.560,00
ago/21;SENAC;33.469.172/0001-68;257.398.563,00
ago/21;SESC;33.469.164/0001-11;451.890.748,00
ago/21;SEBRAE;00.330.854/0001-45;296.481.905,00
ago/21;EMBRATUR;35.842.428/0001-66;0
ago/21;DPC;852001 / 00001;12.619.870,00
ago/21;ANAC;122002 / 00001;17.118.531,00
ago/21;SENAR;37.138.245/0001-90;169.716.870,00
ago/21;SEST;73.471.989/0001-95;46.180.636,00
ago/21;SENAT;73.471.963/0001-47;30.436.853,00
ago/21;SESCOOP;03.087.543/0001-86;39.382.932,00
ago/21;SDR;420013 / 00001;4.665.531,00
ago/21;APEX-BR;05.507.500/0001-38;43.214.850,00
ago/21;ABDI;07.200.966/0001-11;7.055.875,00
set/21;FNDE;153173 / 15253;1.873.467.387,00
set/21;INCRA;373001 / 37201;155.209.043,00
set/21;SENAI;33.564.543/0001-90;140.863.746,00
set/21;SESI;33.641.358/0001-52;204.635.887,00
set/21;SENAC;33.469.172/0001-68;261.713.664,00
set/21;SESC;33.469.164/0001-11;461.180.642,00
set/21;SEBRAE;00.330.854/0001-45;302.493.013,00
set/21;EMBRATUR;35.842.428/0001-66;0
set/21;DPC;852001 / 00001;13.215.721,00
set/21;ANAC;122002 / 00001;16.880.091,00
set/21;SENAR;37.138.245/0001-90;178.101.705,00
set/21;SEST;73.471.989/0001-95;46.941.369,00
set/21;SENAT;73.471.963/0001-47;31.032.947,00
set/21;SESCOOP;03.087.543/0001-86;40.570.025,00
set/21;SDR;420013 / 00001;4.898.809,00
set/21;APEX-BR;05.507.500/0001-38;44.093.005,00
set/21;ABDI;07.200.966/0001-11;7.199.264,00
out/21;FNDE;153173 / 15253;1.885.563.831,00
out/21;INCRA;373001 / 37201;152.458.346,00
out/21;SENAI;33.564.543/0001-90;139.807.233,00
out/21;SESI;33.641.358/0001-52;202.922.758,00
out/21;SENAC;33.469.172/0001-68;262.119.540,00
out/21;SESC;33.469.164/0001-11;459.682.607,00
out/21;SEBRAE;00.330.854/0001-45;306.050.855,00
out/21;EMBRATUR;35.842.428/0001-66;0
out/21;DPC;852001 / 00001;11.598.443,00
out/21;ANAC;122002 / 00001;16.733.677,00
out/21;SENAR;37.138.245/0001-90;178.689.435,00
out/21;SEST;73.471.989/0001-95;46.732.334,00
out/21;SENAT;73.471.963/0001-47;30.806.362,00
out/21;SESCOOP;03.087.543/0001-86;40.941.353,00
out/21;SDR;420013 / 00001;4.898.403,00
out/21;APEX-BR;05.507.500/0001-38;44.611.766,00
out/21;ABDI;07.200.966/0001-11;7.283.951,00
nov/21;FNDE;153173 / 15253;1.897.700.204,00
nov/21;INCRA;373001 / 37201;157.983.814,00
nov/21;SENAI;33.564.543/0001-90;145.215.469,00
nov/21;SESI;33.641.358/0001-52;211.556.213,00
nov/21;SENAC;33.469.172/0001-68;262.042.542,00
nov/21;SESC;33.469.164/0001-11;463.043.022,00
nov/21;SEBRAE;00.330.854/0001-45;306.771.402,00
nov/21;EMBRATUR;35.842.428/0001-66;0
nov/21;DPC;852001 / 00001;13.314.952,00
nov/21;ANAC;122002 / 00001;17.937.400,00
nov/21;SENAR;37.138.245/0001-90;158.860.088,00
nov/21;SEST;73.471.989/0001-95;47.608.852,00
nov/21;SENAT;73.471.963/0001-47;31.276.447,00
nov/21;SESCOOP;03.087.543/0001-86;39.222.559,00
nov/21;SDR;420013 / 00001;4.926.223,00
nov/21;APEX-BR;05.507.500/0001-38;44.712.096,00
nov/21;ABDI;07.200.966/0001-11;7.300.336,00
dez/21;FNDE;153173 / 15253;1.932.404.402,00
dez/21;INCRA;373001 / 37201;159.632.218,00
dez/21;SENAI;33.564.543/0001-90;141.788.958,00
dez/21;SESI;33.641.358/0001-52;204.285.769,00
dez/21;SENAC;33.469.172/0001-68;272.742.327,00
dez/21;SESC;33.469.164/0001-11;478.486.566,00
dez/21;SEBRAE;00.330.854/0001-45;313.143.993,00
dez/21;EMBRATUR;35.842.428/0001-66;0
dez/21;DPC;852001 / 00001;14.261.220,00
dez/21;ANAC;122002 / 00001;25.560.455,00
dez/21;SENAR;37.138.245/0001-90;153.286.028,00
dez/21;SEST;73.471.989/0001-95;48.064.767,00
dez/21;SENAT;73.471.963/0001-47;31.928.275,00
dez/21;SESCOOP;03.087.543/0001-86;36.834.615,00
dez/21;SDR;420013 / 00001;1.158.714,00
dez/21;APEX-BR;05.507.500/0001-38;45.643.573,00
dez/21;ABDI;07.200.966/0001-11;7.452.480,00
jan/22;FNDE;153173 / 15253;3.390.322.169,00
jan/22;INCRA;373001 / 37201;283.713.682,00
jan/22;SENAI;33.564.543/0001-90;236.503.577,00
jan/22;SESI;33.641.358/0001-52;342.623.795,00
jan/22;SENAC;33.469.172/0001-68;481.459.089,00
jan/22;SESC;33.469.164/0001-11;848.518.670,00
jan/22;SEBRAE;00.330.854/0001-45;548.388.266,00
jan/22;EMBRATUR;35.842.428/0001-66;0
jan/22;DPC;852001 / 00001;22.548.501,00
jan/22;ANAC;122002 / 00001;28.035.615,00
jan/22;SENAR;37.138.245/0001-90;169.643.845,00
jan/22;SEST;73.471.989/0001-95;77.161.541,00
jan/22;SENAT;73.471.963/0001-47;51.363.523,00
jan/22;SESCOOP;03.087.543/0001-86;73.861.318,00
jan/22;SDR;420013 / 00001;1.167.320,00
jan/22;APEX-BR;05.507.500/0001-38;79.945.677,00
jan/22;ABDI;07.200.966/0001-11;13.052.897,00
fev/22;FNDE;153173 / 15253;2.096.308.062,00
fev/22;INCRA;373001 / 37201;177.286.278,00
fev/22;SENAI;33.564.543/0001-90;152.718.864,00
fev/22;SESI;33.641.358/0001-52;222.158.874,00
fev/22;SENAC;33.469.172/0001-68;293.756.880,00
fev/22;SESC;33.469.164/0001-11;514.732.927,00
fev/22;SEBRAE;00.330.854/0001-45;344.151.572,00
fev/22;EMBRATUR;35.842.428/0001-66;0
fev/22;DPC;852001 / 00001;13.671.543,00
fev/22;ANAC;122002 / 00001;24.009.472,00
fev/22;SENAR;37.138.245/0001-90;147.918.370,00
fev/22;SEST;73.471.989/0001-95;51.423.632,00
fev/22;SENAT;73.471.963/0001-47;33.880.844,00
fev/22;SESCOOP;03.087.543/0001-86;44.392.378,00
fev/22;SDR;420013 / 00001;575.733,00
fev/22;APEX-BR;05.507.500/0001-38;50.165.429,00
fev/22;ABDI;07.200.966/0001-11;8.190.820,00
mar/22;FNDE;153173 / 15253;2.048.648.304,00
mar/22;INCRA;373001 / 37201;172.102.220,00
mar/22;SENAI;33.564.543/0001-90;144.696.477,00
mar/22;SESI;33.641.358/0001-52;210.695.304,00
mar/22;SENAC;33.469.172/0001-68;294.095.614,00
mar/22;SESC;33.469.164/0001-11;514.778.230,00
mar/22;SEBRAE;00.330.854/0001-45;332.215.904,00
mar/22;EMBRATUR;35.842.428/0001-66;0
mar/22;DPC;852001 / 00001;13.885.578,00
mar/22;ANAC;122002 / 00001;19.974.688,00
mar/22;SENAR;37.138.245/0001-90;154.872.289,00
mar/22;SEST;73.471.989/0001-95;47.433.924,00
mar/22;SENAT;73.471.963/0001-47;31.833.459,00
mar/22;SESCOOP;03.087.543/0001-86;43.639.463,00
mar/22;SDR;420013 / 00001;532.114,00
mar/22;APEX-BR;05.507.500/0001-38;48.423.140,00
mar/22;ABDI;07.200.966/0001-11;7.906.352,00
abr/22;FNDE;153173 / 15253;2.062.770.813,00
abr/22;INCRA;373001 / 37201;175.031.587,00
abr/22;SENAI;33.564.543/0001-90;147.453.762,00
abr/22;SESI;33.641.358/0001-52;215.730.797,00
abr/22;SENAC;33.469.172/0001-68;294.130.282,00
abr/22;SESC;33.469.164/0001-11;512.451.223,00
abr/22;SEBRAE;00.330.854/0001-45;330.599.147,00
abr/22;EMBRATUR;35.842.428/0001-66;0
abr/22;DPC;852001 / 00001;13.724.021,00
abr/22;ANAC;122002 / 00001;19.695.375,00
abr/22;SENAR;37.138.245/0001-90;231.268.828,00
abr/22;SEST;73.471.989/0001-95;48.313.831,00
abr/22;SENAT;73.471.963/0001-47;32.279.342,00
abr/22;SESCOOP;03.087.543/0001-86;43.536.734,00
abr/22;SDR;420013 / 00001;647.437,00
abr/22;APEX-BR;05.507.500/0001-38;48.192.945,00
abr/22;ABDI;07.200.966/0001-11;7.868.792,00
mai/22;FNDE;153173 / 15253;2.060.657.136,00
mai/22;INCRA;373001 / 37201;171.033.897,00
mai/22;SENAI;33.564.543/0001-90;151.413.146,00
mai/22;SESI;33.641.358/0001-52;220.597.558,00
mai/22;SENAC;33.469.172/0001-68;294.405.960,00
mai/22;SESC;33.469.164/0001-11;512.120.653,00
mai/22;SEBRAE;00.330.854/0001-45;334.878.412,00
mai/22;EMBRATUR;35.842.428/0001-66;0
mai/22;DPC;852001 / 00001;14.336.221,00
mai/22;ANAC;122002 / 00001;22.636.551,00
mai/22;SENAR;37.138.245/0001-90;272.815.189,00
mai/22;SEST;73.471.989/0001-95;50.439.413,00
mai/22;SENAT;73.471.963/0001-47;33.844.544,00
mai/22;SESCOOP;03.087.543/0001-86;43.839.174,00
mai/22;SDR;420013 / 00001;550.781,00
mai/22;APEX-BR;05.507.500/0001-38;48.815.747,00
mai/22;ABDI;07.200.966/0001-11;7.970.440,00
jun/22;FNDE;153173 / 15253;2.100.262.846,00
jun/22;INCRA;373001 / 37201;173.473.299,00
jun/22;SENAI;33.564.543/0001-90;152.877.257,00
jun/22;SESI;33.641.358/0001-52;223.025.271,00
jun/22;SENAC;33.469.172/0001-68;304.443.963,00
jun/22;SESC;33.469.164/0001-11;529.827.582,00
jun/22;SEBRAE;00.330.854/0001-45;342.608.153,00
jun/22;EMBRATUR;35.842.428/0001-66;0
jun/22;DPC;852001 / 00001;13.758.334,00
jun/22;ANAC;122002 / 00001;24.137.527,00
jun/22;SENAR;37.138.245/0001-90;218.943.574,00
jun/22;SEST;73.471.989/0001-95;51.214.656,00
jun/22;SENAT;73.471.963/0001-47;34.381.451,00
jun/22;SESCOOP;03.087.543/0001-86;45.632.638,00
jun/22;SDR;420013 / 00001;592.246,00
jun/22;APEX-BR;05.507.500/0001-38;49.939.780,00
jun/22;ABDI;07.200.966/0001-11;8.153.984,00
jul/22;FNDE;153173 / 15253;2.148.063.754,00
jul/22;INCRA;373001 / 37201;179.179.299,00
jul/22;SENAI;33.564.543/0001-90;154.902.461,00
jul/22;SESI;33.641.358/0001-52;225.490.642,00
jul/22;SENAC;33.469.172/0001-68;297.453.879,00
jul/22;SESC;33.469.164/0001-11;521.878.505,00
jul/22;SEBRAE;00.330.854/0001-45;341.170.946,00
jul/22;EMBRATUR;35.842.428/0001-66;0
jul/22;DPC;852001 / 00001;14.120.973,00
jul/22;ANAC;122002 / 00001;22.080.515,00
jul/22;SENAR;37.138.245/0001-90;225.373.045,00
jul/22;SEST;73.471.989/0001-95;52.896.067,00
jul/22;SENAT;73.471.963/0001-47;35.680.304,00
jul/22;SESCOOP;03.087.543/0001-86;44.720.581,00
jul/22;SDR;420013 / 00001;582.545,00
jul/22;APEX-BR;05.507.500/0001-38;49.730.389,00
jul/22;ABDI;07.200.966/0001-11;8.119.796,00
ago/22;FNDE;153173 / 15253;2.129.257.858,00
ago/22;INCRA;373001 / 37201;178.966.631,00
ago/22;SENAI;33.564.543/0001-90;157.356.040,00
ago/22;SESI;33.641.358/0001-52;229.029.680,00
ago/22;SENAC;33.469.172/0001-68;302.238.161,00
ago/22;SESC;33.469.164/0001-11;527.693.468,00
ago/22;SEBRAE;00.330.854/0001-45;345.837.443,00
ago/22;EMBRATUR;35.842.428/0001-66;0
ago/22;DPC;852001 / 00001;13.767.019,00
ago/22;ANAC;122002 / 00001;23.180.745,00
ago/22;SENAR;37.138.245/0001-90;210.017.118,00
ago/22;SEST;73.471.989/0001-95;55.112.255,00
ago/22;SENAT;73.471.963/0001-47;36.708.141,00
ago/22;SESCOOP;03.087.543/0001-86;46.996.953,00
ago/22;SDR;420013 / 00001;583.604,00
ago/22;APEX-BR;05.507.500/0001-38;50.408.577,00
ago/22;ABDI;07.200.966/0001-11;8.230.516,00
set/22;FNDE;153173 / 15253;2.189.953.241,00
set/22;INCRA;373001 / 37201;182.845.938,00
set/22;SENAI;33.564.543/0001-90;159.405.232,00
set/22;SESI;33.641.358/0001-52;234.515.317,00
set/22;SENAC;33.469.172/0001-68;315.493.973,00
set/22;SESC;33.469.164/0001-11;552.213.261,00
set/22;SEBRAE;00.330.854/0001-45;356.648.422,00
set/22;EMBRATUR;35.842.428/0001-66;0
set/22;DPC;852001 / 00001;19.942.931,00
set/22;ANAC;122002 / 00001;24.683.722,00
set/22;SENAR;37.138.245/0001-90;202.887.843,00
set/22;SEST;73.471.989/0001-95;57.295.185,00
set/22;SENAT;73.471.963/0001-47;38.241.837,00
set/22;SESCOOP;03.087.543/0001-86;48.708.296,00
set/22;SDR;420013 / 00001;590.518,00
set/22;APEX-BR;05.507.500/0001-38;51.985.659,00
set/22;ABDI;07.200.966/0001-11;8.488.023,00
out/22;FNDE;153173 / 15253;2.175.834.913,00
out/22;INCRA;373001 / 37201;184.130.442,00
out/22;SENAI;33.564.543/0001-90;159.373.326,00
out/22;SESI;33.641.358/0001-52;234.093.696,00
out/22;SENAC;33.469.172/0001-68;312.224.219,00
out/22;SESC;33.469.164/0001-11;543.634.536,00
out/22;SEBRAE;00.330.854/0001-45;353.085.316,00
out/22;EMBRATUR;35.842.428/0001-66;0
out/22;DPC;852001 / 00001;14.903.806,00
out/22;ANAC;122002 / 00001;23.161.720,00
out/22;SENAR;37.138.245/0001-90;208.526.288,00
out/22;SEST;73.471.989/0001-95;58.365.520,00
out/22;SENAT;73.471.963/0001-47;38.987.286,00
out/22;SESCOOP;03.087.543/0001-86;48.017.930,00
out/22;SDR;420013 / 00001;565.164,00
out/22;APEX-BR;05.507.500/0001-38;51.466.400,00
out/22;ABDI;07.200.966/0001-11;8.403.219,00
nov/22;FNDE;153173 / 15253;2.342.144.910,00
nov/22;INCRA;373001 / 37201;195.384.668,00
nov/22;SENAI;33.564.543/0001-90;170.179.225,00
nov/22;SESI;33.641.358/0001-52;248.434.526,00
nov/22;SENAC;33.469.172/0001-68;335.472.450,00
nov/22;SESC;33.469.164/0001-11;579.228.955,00
nov/22;SEBRAE;00.330.854/0001-45;384.388.137,00
nov/22;EMBRATUR;35.842.428/0001-66;0
nov/22;DPC;852001 / 00001;16.253.368,00
nov/22;ANAC;122002 / 00001;25.796.007,00
nov/22;SENAR;37.138.245/0001-90;248.452.948,00
nov/22;SEST;73.471.989/0001-95;59.654.628,00
nov/22;SENAT;73.471.963/0001-47;39.742.262,00
nov/22;SESCOOP;03.087.543/0001-86;54.646.476,00
nov/22;SDR;420013 / 00001;541.106,00
nov/22;APEX-BR;05.507.500/0001-38;56.029.984,00
nov/22;ABDI;07.200.966/0001-11;9.148.316,00
dez/22;FNDE;153173 / 15253;2.101.912.315,00
dez/22;INCRA;373001 / 37201;177.493.580,00
dez/22;SENAI;33.564.543/0001-90;159.959.752,00
dez/22;SESI;33.641.358/0001-52;233.096.663,00
dez/22;SENAC;33.469.172/0001-68;303.331.337,00
dez/22;SESC;33.469.164/0001-11;532.797.046,00
dez/22;SEBRAE;00.330.854/0001-45;341.659.805,00
dez/22;EMBRATUR;35.842.428/0001-66;0
dez/22;DPC;852001 / 00001;13.196.764,00
dez/22;ANAC;122002 / 00001;20.148.853,00
dez/22;SENAR;37.138.245/0001-90;164.013.828,00
dez/22;SEST;73.471.989/0001-95;56.335.882,00
dez/22;SENAT;73.471.963/0001-47;37.617.669,00
dez/22;SESCOOP;03.087.543/0001-86;51.620.732,00
dez/22;SDR;420013 / 00001;659.766,00
dez/22;APEX-BR;05.507.500/0001-38;49.793.803,00
dez/22;ABDI;07.200.966/0001-11;8.130.144,00
jan/23;FNDE;153173 / 15253;3.808.893.428,00
jan/23;INCRA;373001 / 37201;314.737.195,00
jan/23;SENAI;33.564.543/0001-90;272.836.218,00
jan/23;SESI;33.641.358/0001-52;397.284.586,00
jan/23;SENAC;33.469.172/0001-68;549.028.418,00
jan/23;SESC;33.469.164/0001-11;961.969.924,00
jan/23;SEBRAE;00.330.854/0001-45;619.609.534,00
jan/23;EMBRATUR;35.842.428/0001-66;0
jan/23;DPC;852001 / 00001;28.353.331,00
jan/23;ANAC;122002 / 00001;29.570.863,00
jan/23;SENAR;37.138.245/0001-90;154.806.704,00
jan/23;SEST;73.471.989/0001-95;93.355.500,00
jan/23;SENAT;73.471.963/0001-47;62.076.742,00
jan/23;SESCOOP;03.087.543/0001-86;86.418.513,00
jan/23;SDR;420013 / 00001;706.777,00
jan/23;APEX-BR;05.507.500/0001-38;90.325.515,00
jan/23;ABDI;07.200.966/0001-11;14.747.605,00
fev/23;FNDE;153173 / 15253;2.344.276.756,00
fev/23;INCRA;373001 / 37201;199.586.811,00
fev/23;SENAI;33.564.543/0001-90;174.329.022,00
fev/23;SESI;33.641.358/0001-52;254.072.864,00
fev/23;SENAC;33.469.172/0001-68;325.548.473,00
fev/23;SESC;33.469.164/0001-11;571.578.944,00
fev/23;SEBRAE;00.330.854/0001-45;384.224.589,00
fev/23;EMBRATUR;35.842.428/0001-66;0
fev/23;DPC;852001 / 00001;16.038.473,00
fev/23;ANAC;122002 / 00001;22.183.120,00
fev/23;SENAR;37.138.245/0001-90;181.509.335,00
fev/23;SEST;73.471.989/0001-95;61.028.361,00
fev/23;SENAT;73.471.963/0001-47;40.821.782,00
fev/23;SESCOOP;03.087.543/0001-86;55.986.829,00
fev/23;SDR;420013 / 00001;484.005,00
fev/23;APEX-BR;05.507.500/0001-38;56.001.167,00
fev/23;ABDI;07.200.966/0001-11;9.143.663,00
mar/23;FNDE;153173 / 15253;2.378.998.814,00
mar/23;INCRA;373001 / 37201;203.001.651,00
mar/23;SENAI;33.564.543/0001-90;177.659.768,00
mar/23;SESI;33.641.358/0001-52;261.506.152,00
mar/23;SENAC;33.469.172/0001-68;345.641.359,00
mar/23;SESC;33.469.164/0001-11;601.168.082,00
mar/23;SEBRAE;00.330.854/0001-45;389.816.966,00
mar/23;EMBRATUR;35.842.428/0001-66;0
mar/23;DPC;852001 / 00001;16.085.082,00
mar/23;ANAC;122002 / 00001;22.831.664,00
mar/23;SENAR;37.138.245/0001-90;141.353.316,00
mar/23;SEST;73.471.989/0001-95;58.670.782,00
mar/23;SENAT;73.471.963/0001-47;39.138.130,00
mar/23;SESCOOP;03.087.543/0001-86;55.153.829,00
mar/23;SDR;420013 / 00001;503.487,00
mar/23;APEX-BR;05.507.500/0001-38;56.819.452,00
mar/23;ABDI;07.200.966/0001-11;9.277.209,00
abr/23;FNDE;153173 / 15253;2.355.592.924,00
abr/23;INCRA;373001 / 37201;196.583.829,00
abr/23;SENAI;33.564.543/0001-90;171.349.634,00
abr/23;SESI;33.641.358/0001-52;252.401.286,00
abr/23;SENAC;33.469.172/0001-68;338.762.117,00
abr/23;SESC;33.469.164/0001-11;586.634.010,00
abr/23;SEBRAE;00.330.854/0001-45;382.709.065,00
abr/23;EMBRATUR;35.842.428/0001-66;0
abr/23;DPC;852001 / 00001;17.310.429,00
abr/23;ANAC;122002 / 00001;19.130.301,00
abr/23;SENAR;37.138.245/0001-90;226.947.080,00
abr/23;SEST;73.471.989/0001-95;59.062.004,00
abr/23;SENAT;73.471.963/0001-47;39.413.246,00
abr/23;SESCOOP;03.087.543/0001-86;51.326.309,00
abr/23;SDR;420013 / 00001;553.599,00
abr/23;APEX-BR;05.507.500/0001-38;55.780.154,00
abr/23;ABDI;07.200.966/0001-11;9.107.548,00
mai/23;FNDE;153173 / 15253;2.304.385.083,00
mai/23;INCRA;373001 / 37201;194.643.485,00
mai/23;SENAI;33.564.543/0001-90;167.769.841,00
mai/23;SESI;33.641.358/0001-52;246.838.229,00
mai/23;SENAC;33.469.172/0001-68;329.362.144,00
mai/23;SESC;33.469.164/0001-11;572.642.763,00
mai/23;SEBRAE;00.330.854/0001-45;376.218.742,00
mai/23;EMBRATUR;35.842.428/0001-66;0
mai/23;DPC;852001 / 00001;15.438.745,00
mai/23;ANAC;122002 / 00001;30.481.721,00
mai/23;SENAR;37.138.245/0001-90;288.914.577,00
mai/23;SEST;73.471.989/0001-95;61.629.706,00
mai/23;SENAT;73.471.963/0001-47;41.296.686,00
mai/23;SESCOOP;03.087.543/0001-86;53.180.103,00
mai/23;SDR;420013 / 00001;504.054,00
mai/23;APEX-BR;05.507.500/0001-38;54.843.735,00
mai/23;ABDI;07.200.966/0001-11;8.954.639,00
jun/23;FNDE;153173 / 15253;2.396.797.255,00
jun/23;INCRA;373001 / 37201;205.084.045,00
jun/23;SENAI;33.564.543/0001-90;179.643.144,00
jun/23;SESI;33.641.358/0001-52;263.413.740,00
jun/23;SENAC;33.469.172/0001-68;344.590.463,00
jun/23;SESC;33.469.164/0001-11;598.844.449,00
jun/23;SEBRAE;00.330.854/0001-45;390.353.787,00
jun/23;EMBRATUR;35.842.428/0001-66;0
jun/23;DPC;852001 / 00001;16.793.970,00
jun/23;ANAC;122002 / 00001;24.799.014,00
jun/23;SENAR;37.138.245/0001-90;240.668.958,00
jun/23;SEST;73.471.989/0001-95;66.049.281,00
jun/23;SENAT;73.471.963/0001-47;44.017.461,00
jun/23;SESCOOP;03.087.543/0001-86;58.592.108,00
jun/23;SDR;420013 / 00001;514.293,00
jun/23;APEX-BR;05.507.500/0001-38;56.891.958,00
jun/23;ABDI;07.200.966/0001-11;9.289.077,00
jul/23;FNDE;153173 / 15253;2.556.983.557,00
jul/23;INCRA;373001 / 37201;198.109.389,00
jul/23;SENAI;33.564.543/0001-90;188.400.653,00
jul/23;SESI;33.641.358/0001-52;277.783.852,00
jul/23;SENAC;33.469.172/0001-68;380.828.216,00
jul/23;SESC;33.469.164/0001-11;655.029.657,00
jul/23;SEBRAE;00.330.854/0001-45;419.645.519,00
jul/23;EMBRATUR;35.842.428/0001-66;0
jul/23;DPC;852001 / 00001;17.702.282,00
jul/23;ANAC;122002 / 00001;28.678.219,00
jul/23;SENAR;37.138.245/0001-90;223.554.101,00
jul/23;SEST;73.471.989/0001-95;70.527.075,00
jul/23;SENAT;73.471.963/0001-47;46.705.207,00
jul/23;SESCOOP;03.087.543/0001-86;57.224.648,00
jul/23;SDR;420013 / 00001;494.600,00
jul/23;APEX-BR;05.507.500/0001-38;61.165.757,00
jul/23;ABDI;07.200.966/0001-11;9.986.820,00
ago/23;FNDE;153173 / 15253;2.369.333.744,00
ago/23;INCRA;373001 / 37201;202.976.647,00
ago/23;SENAI;33.564.543/0001-90;173.931.075,00
ago/23;SESI;33.641.358/0001-52;253.945.575,00
ago/23;SENAC;33.469.172/0001-68;329.851.922,00
ago/23;SESC;33.469.164/0001-11;579.168.428,00
ago/23;SEBRAE;00.330.854/0001-45;384.292.496,00
ago/23;EMBRATUR;35.842.428/0001-66;0
ago/23;DPC;852001 / 00001;16.638.258,00
ago/23;ANAC;122002 / 00001;24.045.554,00
ago/23;SENAR;37.138.245/0001-90;212.899.841,00
ago/23;SEST;73.471.989/0001-95;66.120.940,00
ago/23;SENAT;73.471.963/0001-47;44.104.945,00
ago/23;SESCOOP;03.087.543/0001-86;55.176.117,00
ago/23;SDR;420013 / 00001;447.256,00
ago/23;APEX-BR;05.507.500/0001-38;56.010.404,00
ago/23;ABDI;07.200.966/0001-11;9.145.135,00
set/23;FNDE;153173 / 15253;2.388.530.834,00
set/23;INCRA;373001 / 37201;195.459.416,00
set/23;SENAI;33.564.543/0001-90;176.966.643,00
set/23;SESI;33.641.358/0001-52;258.758.094,00
set/23;SENAC;33.469.172/0001-68;344.444.075,00
set/23;SESC;33.469.164/0001-11;604.337.800,00
set/23;SEBRAE;00.330.854/0001-45;390.154.307,00
set/23;EMBRATUR;35.842.428/0001-66;0
set/23;DPC;852001 / 00001;16.372.181,00
set/23;ANAC;122002 / 00001;24.187.613,00
set/23;SENAR;37.138.245/0001-90;190.208.347,00
set/23;SEST;73.471.989/0001-95;67.935.501,00
set/23;SENAT;73.471.963/0001-47;45.354.846,00
set/23;SESCOOP;03.087.543/0001-86;53.957.890,00
set/23;SDR;420013 / 00001;474.454,00
set/23;APEX-BR;05.507.500/0001-38;56.862.758,00
set/23;ABDI;07.200.966/0001-11;9.284.300,00
out/23;FNDE;153173 / 15253;2.435.123.298,00
out/23;INCRA;373001 / 37201;208.599.426,00
out/23;SENAI;33.564.543/0001-90;185.927.599,00
out/23;SESI;33.641.358/0001-52;271.747.731,00
out/23;SENAC;33.469.172/0001-68;348.080.872,00
out/23;SESC;33.469.164/0001-11;606.959.995,00
out/23;SEBRAE;00.330.854/0001-45;399.443.667,00
out/23;EMBRATUR;35.842.428/0001-66;0
out/23;DPC;852001 / 00001;17.630.068,00
out/23;ANAC;122002 / 00001;16.028.891,00
out/23;SENAR;37.138.245/0001-90;226.188.366,00
out/23;SEST;73.471.989/0001-95;71.024.419,00
out/23;SENAT;73.471.963/0001-47;47.573.664,00
out/23;SESCOOP;03.087.543/0001-86;57.950.921,00
out/23;SDR;420013 / 00001;404.139,00
out/23;APEX-BR;05.507.500/0001-38;58.159.190,00
out/23;ABDI;07.200.966/0001-11;9.493.823,00
nov/23;FNDE;153173 / 15253;2.474.737.763,00
nov/23;INCRA;373001 / 37201;211.553.669,00
nov/23;SENAI;33.564.543/0001-90;187.468.417,00
nov/23;SESI;33.641.358/0001-52;275.485.343,00
nov/23;SENAC;33.469.172/0001-68;349.287.636,00
nov/23;SESC;33.469.164/0001-11;612.381.467,00
nov/23;SEBRAE;00.330.854/0001-45;401.206.555,00
nov/23;EMBRATUR;35.842.428/0001-66;0
nov/23;DPC;852001 / 00001;16.376.386,00
nov/23;ANAC;122002 / 00001;37.643.503,00
nov/23;SENAR;37.138.245/0001-90;195.238.523,00
nov/23;SEST;73.471.989/0001-95;68.784.180,00
nov/23;SENAT;73.471.963/0001-47;46.001.439,00
nov/23;SESCOOP;03.087.543/0001-86;61.776.575,00
nov/23;SDR;420013 / 00001;422.955,00
nov/23;APEX-BR;05.507.500/0001-38;58.474.026,00
nov/23;ABDI;07.200.966/0001-11;9.547.370,00
dez/23;FNDE;153173 / 15253;2.445.496.081,00
dez/23;INCRA;373001 / 37201;216.123.878,00
dez/23;SENAI;33.564.543/0001-90;189.658.308,00
dez/23;SESI;33.641.358/0001-52;278.953.427,00
dez/23;SENAC;33.469.172/0001-68;349.886.800,00
dez/23;SESC;33.469.164/0001-11;610.958.673,00
dez/23;SEBRAE;00.330.854/0001-45;398.736.980,00
dez/23;EMBRATUR;35.842.428/0001-66;0
dez/23;DPC;852001 / 00001;16.405.312,00
dez/23;ANAC;122002 / 00001;27.284.843,00
dez/23;SENAR;37.138.245/0001-90;203.423.736,00
dez/23;SEST;73.471.989/0001-95;68.680.562,00
dez/23;SENAT;73.471.963/0001-47;45.905.432,00
dez/23;SESCOOP;03.087.543/0001-86;59.669.839,00
dez/23;SDR;420013 / 00001;419.407,00
dez/23;APEX-BR;05.507.500/0001-38;58.116.842,00
dez/23;ABDI;07.200.966/0001-11;9.489.036,00
jan/24;FNDE;153173 / 15253;4.322.353.057,00
jan/24;INCRA;373001 / 37201;358.573.394,00
jan/24;SENAI;33.564.543/0001-90;309.172.068,00
jan/24;SESI;33.641.358/0001-52;452.482.059,00
jan/24;SENAC;33.469.172/0001-68;624.745.546,00
jan/24;SESC;33.469.164/0001-11;1.087.903.211,00
jan/24;SEBRAE;00.330.854/0001-45;702.701.674,00
jan/24;EMBRATUR;35.842.428/0001-66;0
jan/24;DPC;852001 / 00001;28.592.074,00
jan/24;ANAC;122002 / 00001;44.663.586,00
jan/24;SENAR;37.138.245/0001-90;155.392.814,00
jan/24;SEST;73.471.989/0001-95;108.797.475,00
jan/24;SENAT;73.471.963/0001-47;72.582.314,00
jan/24;SESCOOP;03.087.543/0001-86;99.764.875,00
jan/24;SDR;420013 / 00001;381.095,00
jan/24;APEX-BR;05.507.500/0001-38;102.711.115,00
jan/24;ABDI;07.200.966/0001-11;16.940.069,00
fev/24;FNDE;153173 / 15253;2.586.565.544,04
fev/24;INCRA;373001 / 37201;220.688.723,86
fev/24;SENAI;33.564.543/0001-90;198.148.017,29
fev/24;SESI;33.641.358/0001-52;287.614.329,19
fev/24;SENAC;33.469.172/0001-68;363.762.852,14
fev/24;SESC;33.469.164/0001-11;632.521.704,03
fev/24;SEBRAE;00.330.854/0001-45;427.021.722,37
fev/24;EMBRATUR;35.842.428/0001-66;0
fev/24;DPC;852001 / 00001;19.258.918,10
fev/24;ANAC;122002 / 00001;22.034.504,65
fev/24;SENAR;37.138.245/0001-90;182.407.637,73
fev/24;SEST;73.471.989/0001-95;67.320.625,66
fev/24;SENAT;73.471.963/0001-47;44.968.360,80
fev/24;SESCOOP;03.087.543/0001-86;66.020.574,23
fev/24;SDR;420013 / 00001;299.281,58
fev/24;APEX-BR;05.507.500/0001-38;62.279.694,87
fev/24;ABDI;07.200.966/0001-11;10.193.040,00
mar/24;FNDE;153173 / 15253;2.464.715.432,36
mar/24;INCRA;373001 / 37201;207.388.984,11
mar/24;SENAI;33.564.543/0001-90;179.157.034,23
mar/24;SESI;33.641.358/0001-52;263.259.121,21
mar/24;SENAC;33.469.172/0001-68;357.059.981,56
mar/24;SESC;33.469.164/0001-11;622.064.074,35
mar/24;SEBRAE;00.330.854/0001-45;399.068.001,63
mar/24;EMBRATUR;35.842.428/0001-66;0
mar/24;DPC;852001 / 00001;17.017.807,40
mar/24;ANAC;122002 / 00001;18.900.358,69
mar/24;SENAR;37.138.245/0001-90;147.824.858,81
mar/24;SEST;73.471.989/0001-95;64.242.548,83
mar/24;SENAT;73.471.963/0001-47;42.950.183,67
mar/24;SESCOOP;03.087.543/0001-86;58.727.811,31
mar/24;SDR;420013 / 00001;302.012,13
mar/24;APEX-BR;05.507.500/0001-38;58.198.037,94
mar/24;ABDI;07.200.966/0001-11;9.520.475,24
abr/24;FNDE;153173 / 15253;2.468.760.733,10
abr/24;INCRA;373001 / 37201;207.683.337,73
abr/24;SENAI;33.564.543/0001-90;181.438.089,99
abr/24;SESI;33.641.358/0001-52;265.649.523,02
abr/24;SENAC;33.469.172/0001-68;352.290.803,01
abr/24;SESC;33.469.164/0001-11;609.154.700,52
abr/24;SEBRAE;00.330.854/0001-45;399.943.603,62
abr/24;EMBRATUR;35.842.428/0001-66;0
abr/24;DPC;852001 / 00001;15.436.329,09
abr/24;ANAC;122002 / 00001;17.364.691,06
abr/24;SENAR;37.138.245/0001-90;177.820.148,38
abr/24;SEST;73.471.989/0001-95;68.987.476,68
abr/24;SENAT;73.471.963/0001-47;46.131.300,14
abr/24;SESCOOP;03.087.543/0001-86;60.168.797,34
abr/24;SDR;420013 / 00001;302.012,13
abr/24;APEX-BR;05.507.500/0001-38;58.309.286,41
abr/24;ABDI;07.200.966/0001-11;9.526.512,68
mai/24;FNDE;153173 / 15253;2.544.739.123,28
mai/24;INCRA;373001 / 37201;215.904.943,00
mai/24;SENAI;33.564.543/0001-90;191.367.157,73
mai/24;SESI;33.641.358/0001-52;280.726.485,12
mai/24;SENAC;33.469.172/0001-68;362.646.624,39
mai/24;SESC;33.469.164/0001-11;631.519.187,40
mai/24;SEBRAE;00.330.854/0001-45;415.454.440,96
mai/24;EMBRATUR;35.842.428/0001-66;0
mai/24;DPC;852001 / 00001;18.719.793,90
mai/24;ANAC;122002 / 00001;20.184.384,32
mai/24;SENAR;37.138.245/0001-90;235.389.818,60
mai/24;SEST;73.471.989/0001-95;68.852.341,29
mai/24;SENAT;73.471.963/0001-47;45.923.148,79
mai/24;SESCOOP;03.087.543/0001-86;61.197.877,82
mai/24;SDR;420013 / 00001;322.619,70
mai/24;APEX-BR;05.507.500/0001-38;60.580.018,52
mai/24;ABDI;07.200.966/0001-11;9.905.418,73
jun/24;FNDE;153173 / 15253;2.404.109.063,00
jun/24;INCRA;373001 / 37201;209.430.580,90
jun/24;SENAI;33.564.543/0001-90;186.139.557,70
jun/24;SESI;33.641.358/0001-52;272.891.268,00
jun/24;SENAC;33.469.172/0001-68;341.605.625,80
jun/24;SESC;33.469.164/0001-11;595.340.223,00
jun/24;SEBRAE;00.330.854/0001-45;392.211.634,60
jun/24;EMBRATUR;35.842.428/0001-66;0
jun/24;DPC;852001 / 00001;17.732.178,08
jun/24;ANAC;122002 / 00001;17.595.944,02
jun/24;SENAR;37.138.245/0001-90;228.110.045,80
jun/24;SEST;73.471.989/0001-95;70.824.976,75
jun/24;SENAT;73.471.963/0001-47;47.251.910,04
jun/24;SESCOOP;03.087.543/0001-86;56.607.943,23
jun/24;SDR;420013 / 00001;274.491,94
jun/24;APEX-BR;05.507.500/0001-38;57.201.203,42
jun/24;ABDI;07.200.966/0001-11;9.344.109,26
jul/24;FNDE;153173 / 15253;2.583.582.677,50
jul/24;INCRA;373001 / 37201;227.566.938,62
jul/24;SENAI;33.564.543/0001-90;200.078.809,59
jul/24;SESI;33.641.358/0001-52;294.443.947,87
jul/24;SENAC;33.469.172/0001-68;381.414.514,48
jul/24;SESC;33.469.164/0001-11;662.156.728,03
jul/24;SEBRAE;00.330.854/0001-45;430.313.645,50
jul/24;EMBRATUR;35.842.428/0001-66;0
jul/24;DPC;852001 / 00001;19.449.792,22
jul/24;ANAC;122002 / 00001;21.462.258,75
jul/24;SENAR;37.138.245/0001-90;228.724.260,17
jul/24;SEST;73.471.989/0001-95;72.978.275,21
jul/24;SENAT;73.471.963/0001-47;48.563.074,10
jul/24;SESCOOP;03.087.543/0001-86;60.162.988,27
jul/24;SDR;420013 / 00001;304.918,43
jul/24;APEX-BR;05.507.500/0001-38;62.544.551,87
jul/24;ABDI;07.200.966/0001-11;10.314.768,81
ago/24;FNDE;153173 / 15253;2.596.260.038,18
ago/24;INCRA;373001 / 37201;223.919.551,95
ago/24;SENAI;33.564.543/0001-90;199.832.674,74
ago/24;SESI;33.641.358/0001-52;290.969.652,04
ago/24;SENAC;33.469.172/0001-68;386.837.754,37
ago/24;SESC;33.469.164/0001-11;669.721.253,48
ago/24;SEBRAE;00.330.854/0001-45;431.532.545,88
ago/24;EMBRATUR;35.842.428/0001-66;0
ago/24;DPC;852001 / 00001;21.093.083,64
ago/24;ANAC;122002 / 00001;22.015.511,24
ago/24;SENAR;37.138.245/0001-90;246.277.128,89
ago/24;SEST;73.471.989/0001-95;77.331.919,92
ago/24;SENAT;73.471.963/0001-47;51.632.622,42
ago/24;SESCOOP;03.087.543/0001-86;64.838.110,01
ago/24;SDR;420013 / 00001;394.815,40
ago/24;APEX-BR;05.507.500/0001-38;62.830.521,57
ago/24;ABDI;07.200.966/0001-11;10.303.675,67
set/24;FNDE;153173 / 15253;2.832.954.450,19
set/24;INCRA;373001 / 37201;247.170.614,35
set/24;SENAI;33.564.543/0001-90;215.020.379,30
set/24;SESI;33.641.358/0001-52;316.562.751,95
set/24;SENAC;33.469.172/0001-68;416.274.594,26
set/24;SESC;33.469.164/0001-11;719.512.003,98
set/24;SEBRAE;00.330.854/0001-45;472.478.199,18
set/24;EMBRATUR;35.842.428/0001-66;0
set/24;DPC;852001 / 00001;20.355.675,47
set/24;ANAC;122002 / 00001;23.008.819,22
set/24;SENAR;37.138.245/0001-90;276.550.579,88
set/24;SEST;73.471.989/0001-95;82.455.651,43
set/24;SENAT;73.471.963/0001-47;54.937.602,23
set/24;SESCOOP;03.087.543/0001-86;80.572.204,27
set/24;SDR;420013 / 00001;284.735,86
set/24;APEX-BR;05.507.500/0001-38;68.757.304,11
set/24;ABDI;07.200.966/0001-11;11.254.137,14
out/24;FNDE;153173 / 15253;2.473.676.232,82
out/24;INCRA;373001 / 37201;215.150.798,62
out/24;SENAI;33.564.543/0001-90;194.884.570,85
out/24;SESI;33.641.358/0001-52;284.982.352,52
out/24;SENAC;33.469.172/0001-68;378.014.136,55
out/24;SESC;33.469.164/0001-11;650.848.305,49
out/24;SEBRAE;00.330.854/0001-45;415.459.027,77
out/24;EMBRATUR;35.842.428/0001-66;0
out/24;DPC;852001 / 00001;19.957.647,53
out/24;ANAC;122002 / 00001;22.611.648,23
out/24;SENAR;37.138.245/0001-90;220.185.612,38
out/24;SEST;73.471.989/0001-95;77.851.415,45
out/24;SENAT;73.471.963/0001-47;51.000.376,40
out/24;SESCOOP;03.087.543/0001-86;53.949.430,47
out/24;SDR;420013 / 00001;133.450,73
out/24;APEX-BR;05.507.500/0001-38;62.067.772,05
out/24;ABDI;07.200.966/0001-11;9.939.801,49
nov/24;FNDE;153173 / 15253;2.616.873.153,29
nov/24;INCRA;373001 / 37201;229.549.502,08
nov/24;SENAI;33.564.543/0001-90;207.245.862,07
nov/24;SESI;33.641.358/0001-52;303.425.845,89
nov/24;SENAC;33.469.172/0001-68;393.929.765,45
nov/24;SESC;33.469.164/0001-11;680.566.924,85
nov/24;SEBRAE;00.330.854/0001-45;440.685.047,19
nov/24;EMBRATUR;35.842.428/0001-66;0
nov/24;DPC;852001 / 00001;20.368.284,64
nov/24;ANAC;122002 / 00001;18.501.620,88
nov/24;SENAR;37.138.245/0001-90;207.167.737,18
nov/24;SEST;73.471.989/0001-95;80.729.821,88
nov/24;SENAT;73.471.963/0001-47;54.117.304,54
nov/24;SESCOOP;03.087.543/0001-86;67.073.521,82
nov/24;SDR;420013 / 00001;403.395,63
nov/24;APEX-BR;05.507.500/0001-38;64.166.957,08
nov/24;ABDI;07.200.966/0001-11;10.426.683,47
dez/24;FNDE;153173 / 15253;2.715.514.738,32
dez/24;INCRA;373001 / 37201;232.398.534,26
dez/24;SENAI;33.564.543/0001-90;206.510.840,27
dez/24;SESI;33.641.358/0001-52;303.820.701,15
dez/24;SENAC;33.469.172/0001-68;396.867.865,90
dez/24;SESC;33.469.164/0001-11;684.112.960,21
dez/24;SEBRAE;00.330.854/0001-45;462.129.738,75
dez/24;EMBRATUR;35.842.428/0001-66;0
dez/24;DPC;852001 / 00001;21.469.614,70
dez/24;ANAC;122002 / 00001;22.501.059,66
dez/24;SENAR;37.138.245/0001-90;212.092.755,28
dez/24;SEST;73.471.989/0001-95;78.153.400,67
dez/24;SENAT;73.471.963/0001-47;52.034.533,17
dez/24;SESCOOP;03.087.543/0001-86;66.418.803,26
dez/24;SDR;420013 / 00001;235.236,11
dez/24;APEX-BR;05.507.500/0001-38;67.204.344,05
dez/24;ABDI;07.200.966/0001-11;10.863.073,63
jan/25;FNDE;153173 / 15253;4.785.575.662,21
jan/25;INCRA;373001 / 37201;415.046.863,18
jan/25;SENAI;33.564.543/0001-90;360.381.998,45
jan/25;SESI;33.641.358/0001-52;528.631.181,21
jan/25;SENAC;33.469.172/0001-68;705.641.786,36
jan/25;SESC;33.469.164/0001-11;1.222.040.575,77
jan/25;SEBRAE;00.330.854/0001-45;798.270.386,80
jan/25;EMBRATUR;35.842.428/0001-66;0
jan/25;DPC;852001 / 00001;35.309.085,06
jan/25;ANAC;122002 / 00001;-318.467.181,81
jan/25;SENAR;37.138.245/0001-90;189.863.252,91
jan/25;SEST;73.471.989/0001-95;127.614.775,10
jan/25;SENAT;73.471.963/0001-47;84.969.703,59
jan/25;SESCOOP;03.087.543/0001-86;118.526.328,88
jan/25;SDR;420013 / 00001;323.667,63
jan/25;APEX-BR;05.507.500/0001-38;116.297.769,92
jan/25;ABDI;07.200.966/0001-11;18.927.533,60
fev/25;FNDE;153173 / 15253;2.798.790.443,04
fev/25;INCRA;373001 / 37201;248.982.971,86
fev/25;SENAI;33.564.543/0001-90;216.487.133,40
fev/25;SESI;33.641.358/0001-52;318.298.763,96
fev/25;SENAC;33.469.172/0001-68;413.438.652,02
fev/25;SESC;33.469.164/0001-11;713.461.032,59
fev/25;SEBRAE;00.330.854/0001-45;465.424.569,16
fev/25;EMBRATUR;35.842.428/0001-66;0
fev/25;DPC;852001 / 00001;20.643.955,55
fev/25;ANAC;122002 / 00001;14.565.849,20
fev/25;SENAR;37.138.245/0001-90;191.968.872,68
fev/25;SEST;73.471.989/0001-95;78.703.616,32
fev/25;SENAT;73.471.963/0001-47;52.540.931,06
fev/25;SESCOOP;03.087.543/0001-86;68.106.765,13
fev/25;SDR;420013 / 00001;200.576,99
fev/25;APEX-BR;05.507.500/0001-38;67.780.069,94
fev/25;ABDI;07.200.966/0001-11;11.016.774,31
mar/25;FNDE;153173 / 15253;2.796.068.733,67
mar/25;INCRA;373001 / 37201;240.727.274,37
mar/25;SENAI;33.564.543/0001-90;209.909.846,01
mar/25;SESI;33.641.358/0001-52;307.653.364,02
mar/25;SENAC;33.469.172/0001-68;410.662.795,98
mar/25;SESC;33.469.164/0001-11;714.045.933,71
mar/25;SEBRAE;00.330.854/0001-45;463.230.726,42
mar/25;EMBRATUR;35.842.428/0001-66;0
mar/25;DPC;852001 / 00001;21.524.264,99
mar/25;ANAC;122002 / 00001;24.240.049,32
mar/25;SENAR;37.138.245/0001-90;269.250.342,25
mar/25;SEST;73.471.989/0001-95;72.434.050,66
mar/25;SENAT;73.471.963/0001-47;48.414.953,47
mar/25;SESCOOP;03.087.543/0001-86;70.418.387,95
mar/25;SDR;420013 / 00001;140.617,38
mar/25;APEX-BR;05.507.500/0001-38;68.522.386,70
mar/25;ABDI;07.200.966/0001-11;11.142.029,08
abr/25;FNDE;153173 / 15253;2.780.266.735,43
abr/25;INCRA;373001 / 37201;243.335.840,85
abr/25;SENAI;33.564.543/0001-90;209.130.021,93
abr/25;SESI;33.641.358/0001-52;307.742.245,36
abr/25;SENAC;33.469.172/0001-68;418.769.581,38
abr/25;SESC;33.469.164/0001-11;718.807.425,24
abr/25;SEBRAE;00.330.854/0001-45;473.193.955,48
abr/25;EMBRATUR;35.842.428/0001-66;0
abr/25;DPC;852001 / 00001;21.664.461,68
abr/25;ANAC;122002 / 00001;18.549.919,41
abr/25;SENAR;37.138.245/0001-90;225.558.433,36
abr/25;SEST;73.471.989/0001-95;78.652.356,22
abr/25;SENAT;73.471.963/0001-47;52.489.152,30
abr/25;SESCOOP;03.087.543/0001-86;67.658.118,06
abr/25;SDR;420013 / 00001;242.152,76
abr/25;APEX-BR;05.507.500/0001-38;67.915.573,89
abr/25;ABDI;07.200.966/0001-11;11.052.854,68
mai/25;FNDE;153173 / 15253;2.766.031.476,73
mai/25;INCRA;373001 / 37201;245.162.262,29
mai/25;SENAI;33.564.543/0001-90;212.243.867,34
mai/25;SESI;33.641.358/0001-52;309.163.118,83
mai/25;SENAC;33.469.172/0001-68;415.629.387,08
mai/25;SESC;33.469.164/0001-11;714.642.102,75
mai/25;SEBRAE;00.330.854/0001-45;462.267.415,82
mai/25;EMBRATUR;35.842.428/0001-66;0
mai/25;DPC;852001 / 00001;19.673.524,58
mai/25;ANAC;122002 / 00001;26.658.008,73
mai/25;SENAR;37.138.245/0001-90;232.293.268,12
mai/25;SEST;73.471.989/0001-95;75.616.631,39
mai/25;SENAT;73.471.963/0001-47;50.735.605,52
mai/25;SESCOOP;03.087.543/0001-86;69.505.431,26
mai/25;SDR;420013 / 00001;223.954,64
mai/25;APEX-BR;05.507.500/0001-38;67.317.905,31
mai/25;ABDI;07.200.966/0001-11;10.938.174,77
jun/25;FNDE;153173 / 15253;2.852.481.692,20
jun/25;INCRA;373001 / 37201;245.567.635,67
jun/25;SENAI;33.564.543/0001-90;215.412.321,05
jun/25;SESI;33.641.358/0001-52;316.730.496,48
jun/25;SENAC;33.469.172/0001-68;422.367.048,83
jun/25;SESC;33.469.164/0001-11;726.394.668,37
jun/25;SEBRAE;00.330.854/0001-45;465.097.113,48
jun/25;EMBRATUR;35.842.428/0001-66;0
jun/25;DPC;852001 / 00001;21.391.373,83
jun/25;ANAC;122002 / 00001;26.353.003,54
jun/25;SENAR;37.138.245/0001-90;248.654.218,78
jun/25;SEST;73.471.989/0001-95;78.214.792,63
jun/25;SENAT;73.471.963/0001-47;52.298.929,92
jun/25;SESCOOP;03.087.543/0001-86;69.910.816,73
jun/25;SDR;420013 / 00001;233.729,89
jun/25;APEX-BR;05.507.500/0001-38;67.792.242,01
jun/25;ABDI;07.200.966/0001-11;11.054.637,78
jul/25;FNDE;153173 / 15253;2.947.987.742,82
jul/25;INCRA;373001 / 37201;262.332.325,71
jul/25;SENAI;33.564.543/0001-90;230.700.580,80
jul/25;SESI;33.641.358/0001-52;338.418.458,99
jul/25;SENAC;33.469.172/0001-68;432.377.554,21
jul/25;SESC;33.469.164/0001-11;745.461.147,70
jul/25;SEBRAE;00.330.854/0001-45;486.737.369,20
jul/25;EMBRATUR;35.842.428/0001-66;0,00
jul/25;DPC;852001 / 00001;23.635.872,32
jul/25;ANAC;122002 / 00001;22.470.024,77
jul/25;SENAR;37.138.245/0001-90;270.779.161,00
jul/25;SEST;73.471.989/0001-95;80.308.820,64
jul/25;SENAT;73.471.963/0001-47;52.952.578,91
jul/25;SESCOOP;03.087.543/0001-86;73.782.066,87
jul/25;SDR;420013 / 00001;236.464,13
jul/25;APEX-BR;05.507.500/0001-38;70.940.027,48
jul/25;ABDI;07.200.966/0001-11;11.564.141,34
